id,user_id,amount,datetime
59,4,42.47,2024-07-01T15:02:28.554Z
97,9,74.13,2024-07-01T13:46:19.916Z
35,4,-20.05,2024-07-01T16:28:56.581Z
86,1,21.06,2024-07-01T14:08:10.617Z
89,2,80.17,2024-07-01T08:44:05.963Z
69,4,10.41,2024-07-01T06:51:31.505Z
98,6,-95.26,2024-07-01T09:59:47.870Z
43,7,-77.61,2024-07-01T04:22:21.449Z
21,1,96.67,2024-07-01T13:32:10.365Z
21,1,-93.24,2024-07-01T07:23:11.920Z
71,3,92.53,2024-07-01T15:37:15.795Z
46,4,28.16,2024-07-01T14:39:10.516Z
58,10,-63.67,2024-07-01T03:43:28.372Z
47,2,38.13,2024-07-01T11:35:41.003Z
26,5,84.92,2024-07-01T14:46:43.697Z
99,10,-65.96,2024-07-01T12:53:32.696Z
79,7,-57.44,2024-07-01T17:54:54.916Z
34,5,59.51,2024-07-01T16:19:46.003Z
7,4,2.79,2024-07-01T11:12:05.731Z
62,4,69.29,2024-07-01T14:25:42.399Z
24,6,-57.83,2024-07-01T14:35:31.305Z
28,5,-44.67,2024-07-01T07:09:10.842Z
51,10,-70.16,2024-07-01T15:01:41.112Z
16,9,-28.68,2024-07-01T13:50:47.333Z
91,10,-47.2,2024-07-01T15:41:58.645Z
81,7,-43.23,2024-07-01T15:00:59.334Z
9,4,-82.94,2024-07-01T13:08:31.550Z
5,6,-83.54,2024-07-01T07:53:45.906Z
98,10,60.23,2024-07-01T07:34:19.830Z
84,4,-54.52,2024-07-01T16:07:23.226Z
86,4,-18.92,2024-07-01T15:10:55.920Z
55,10,-91.17,2024-07-01T08:57:16.215Z
38,8,-14.21,2024-07-01T16:59:54.862Z
36,5,52.45,2024-07-01T15:12:08.148Z
37,1,-89.37,2024-07-01T16:06:39.047Z
28,1,67.68,2024-07-01T10:12:32.083Z
98,6,-25.16,2024-07-01T05:44:52.759Z
7,6,-15.68,2024-07-01T09:09:30.816Z
93,5,-44.42,2024-07-01T05:40:35.086Z
42,7,37.50,2024-07-01T06:38:55.200Z
60,4,-59.72,2024-07-01T03:35:39.753Z
66,9,82.71,2024-07-01T06:24:03.818Z
93,7,59.34,2024-07-01T08:53:18.675Z
23,2,76.61,2024-07-01T17:56:44.096Z
89,5,-61.24,2024-07-01T03:29:18.743Z
11,7,-88.68,2024-07-01T13:36:32.478Z
3,7,-59.09,2024-07-01T16:27:20.048Z
16,7,24.18,2024-07-01T14:01:19.977Z
9,2,-91.76,2024-07-01T11:32:34.225Z
26,10,75.86,2024-07-01T11:42:10.928Z
22,3,-67.66,2024-07-01T08:01:00.952Z
75,6,-66.11,2024-07-01T13:50:05.675Z
96,1,-38.05,2024-07-01T06:05:04.859Z
5,6,91.65,2024-07-01T17:45:45.869Z
63,1,29.39,2024-07-01T17:06:50.714Z
4,2,-79.48,2024-07-01T05:17:35.826Z
36,10,-95.38,2024-07-01T11:47:36.747Z
43,5,18.53,2024-07-01T06:17:45.654Z
59,7,-18,2024-07-01T06:37:21.012Z
18,3,36.08,2024-07-01T06:28:18.384Z
6,6,-15.87,2024-07-01T05:31:16.297Z
95,9,86.69,2024-07-01T09:56:52.508Z
27,10,26.44,2024-07-01T09:42:39.458Z
82,2,-35.02,2024-07-01T09:02:33.965Z
63,5,-93.21,2024-07-01T15:13:44.413Z
77,10,50.75,2024-07-01T12:54:50.499Z
6,7,-53.82,2024-07-01T16:42:15.736Z
70,4,0.30,2024-07-01T08:08:42.101Z
2,2,-43.88,2024-07-01T03:15:29.816Z
41,3,-70.18,2024-07-01T12:44:33.804Z
15,3,-42.26,2024-07-01T03:08:40.627Z
53,9,-72.92,2024-07-01T13:21:00.605Z
36,2,-23.24,2024-07-01T07:48:01.508Z
27,1,-83.28,2024-07-01T10:13:55.228Z
16,5,-67.3,2024-07-01T17:29:07.547Z
13,8,78.37,2024-07-01T08:52:45.619Z
33,9,46.75,2024-07-01T15:47:30.946Z
74,3,-51.43,2024-07-01T07:06:41.135Z
12,5,71.27,2024-07-01T10:27:38.892Z
44,4,85.59,2024-07-01T13:50:35.604Z
46,7,-75.75,2024-07-01T10:57:22.128Z
36,1,-35.05,2024-07-01T04:58:23.020Z
37,1,43.59,2024-07-01T14:31:18.345Z
86,4,15.67,2024-07-01T09:23:54.192Z
17,8,-61.45,2024-07-01T12:55:09.698Z
37,4,-46.83,2024-07-01T13:11:01.856Z
97,9,3.54,2024-07-01T03:19:59.173Z
45,6,-77.03,2024-07-01T16:17:47.342Z
4,2,-26.14,2024-07-01T07:32:11.007Z
4,8,-87.77,2024-07-01T03:04:48.236Z
26,3,-73.17,2024-07-01T11:19:45.195Z
53,10,-50.42,2024-07-01T04:42:49.568Z
38,5,16.01,2024-07-01T04:11:02.333Z
62,6,21.79,2024-07-01T06:22:02.800Z
6,10,-94.78,2024-07-01T14:39:08.872Z
56,8,-40.91,2024-07-01T13:22:15.720Z
41,10,99.91,2024-07-01T07:07:18.267Z
73,4,6.11,2024-07-01T13:33:18.991Z
3,3,46.21,2024-07-01T06:01:30.827Z
45,6,46.59,2024-07-01T15:37:33.921Z
83,5,-65.58,2024-07-01T14:45:24.858Z
30,1,99.69,2024-07-01T07:10:07.729Z
55,9,36.07,2024-07-01T07:56:46.891Z
73,7,-84.42,2024-07-01T03:56:58.601Z
55,8,-70,2024-07-01T05:09:07.635Z
61,6,-44.16,2024-07-01T14:55:17.831Z
100,7,-78.63,2024-07-01T07:36:15.036Z
52,9,-63.73,2024-07-01T08:48:20.794Z
52,8,-40.73,2024-07-01T07:06:25.443Z
22,4,-37.94,2024-07-01T15:31:18.307Z
22,2,59.13,2024-07-01T07:22:23.720Z
54,2,3.01,2024-07-01T13:04:22.992Z
97,5,54.82,2024-07-01T13:29:49.911Z
60,3,-26.73,2024-07-01T03:05:21.560Z
93,7,-63.23,2024-07-01T15:10:56.787Z
35,2,81.83,2024-07-01T07:44:16.560Z
71,9,2.25,2024-07-01T04:36:47.471Z
32,1,-96.4,2024-07-01T03:25:36.670Z
29,3,-28.31,2024-07-01T11:23:51.566Z
59,9,-80.18,2024-07-01T11:36:59.617Z
95,1,-4.25,2024-07-01T12:12:35.071Z
42,1,65.23,2024-07-01T11:11:10.142Z
71,4,-75.99,2024-07-01T10:10:15.674Z
8,3,16.32,2024-07-01T06:47:25.446Z
45,1,55.85,2024-07-01T17:24:18.671Z
22,9,14.56,2024-07-01T15:24:43.221Z
64,1,-89.98,2024-07-01T16:50:19.551Z
37,1,-8.82,2024-07-01T09:01:20.302Z
9,3,-43.82,2024-07-01T15:03:13.646Z
13,8,33.43,2024-07-01T15:21:08.117Z
2,9,-76.15,2024-07-01T06:41:26.591Z
10,8,36.18,2024-07-01T15:38:32.673Z
34,4,28.61,2024-07-01T12:41:40.819Z
89,5,-41.59,2024-07-01T05:05:12.908Z
63,2,-62.52,2024-07-01T06:18:10.908Z
28,4,57.70,2024-07-01T04:36:49.887Z
44,1,88.80,2024-07-01T10:07:54.153Z
63,5,-83.41,2024-07-01T15:08:05.413Z
48,7,-53.2,2024-07-01T12:24:28.368Z
5,3,-37.55,2024-07-01T09:25:00.739Z
62,3,-99.47,2024-07-01T17:29:25.676Z
81,4,60.95,2024-07-01T08:28:23.639Z
36,9,-50.06,2024-07-01T14:40:24.539Z
77,4,-34.31,2024-07-01T16:51:43.458Z
68,3,-1.46,2024-07-01T17:34:44.667Z
93,7,-68.42,2024-07-01T09:48:54.893Z
3,9,55.54,2024-07-01T04:11:42.807Z
48,10,70.11,2024-07-01T05:42:31.950Z
71,10,-99.02,2024-07-01T13:58:20.909Z
59,7,93.32,2024-07-01T14:36:58.136Z
28,3,-62.91,2024-07-01T06:56:58.037Z
99,3,-42.68,2024-07-01T11:22:35.637Z
6,6,23.85,2024-07-01T13:59:53.420Z
13,5,-88.22,2024-07-01T05:25:13.648Z
7,5,-52.33,2024-07-01T04:25:39.550Z
37,7,78.76,2024-07-01T17:08:09.123Z
77,1,-82.2,2024-07-01T07:35:01.098Z
98,5,-68.9,2024-07-01T16:47:49.091Z
46,6,-84.73,2024-07-01T09:29:11.107Z
41,3,53.76,2024-07-01T07:19:11.799Z
88,9,-14.89,2024-07-01T16:58:08.132Z
22,8,-6.22,2024-07-01T07:44:08.592Z
75,9,-67.41,2024-07-01T08:24:46.795Z
30,10,17.42,2024-07-01T09:25:05.402Z
45,9,-13.31,2024-07-01T07:32:08.779Z
46,2,-83.66,2024-07-01T10:49:59.153Z
25,1,70.35,2024-07-01T16:54:49.373Z
93,4,-91.74,2024-07-01T09:09:14.295Z
71,7,-28.32,2024-07-01T15:32:36.931Z
32,7,1.27,2024-07-01T08:06:49.253Z
58,8,24.22,2024-07-01T16:45:07.372Z
57,4,-75.59,2024-07-01T05:49:06.610Z
67,7,29.76,2024-07-01T05:52:37.086Z
16,10,9.49,2024-07-01T14:49:29.396Z
60,1,87.08,2024-07-01T08:59:52.547Z
68,6,-14.32,2024-07-01T11:05:39.015Z
83,4,76.48,2024-07-01T16:41:20.647Z
22,9,67.72,2024-07-01T03:09:49.881Z
92,8,50.62,2024-07-01T09:59:47.156Z
94,8,-41.97,2024-07-01T16:57:39.799Z
94,8,-5.09,2024-07-01T03:19:48.897Z
64,4,-14.69,2024-07-01T13:57:57.366Z
76,6,-30.79,2024-07-01T14:20:40.561Z
66,4,87.72,2024-07-01T16:45:23.843Z
75,6,-97.43,2024-07-01T03:54:01.194Z
92,1,71.73,2024-07-01T17:09:01.863Z
32,9,4.32,2024-07-01T05:34:35.561Z
81,8,-1.94,2024-07-01T16:28:38.479Z
7,10,-85.97,2024-07-01T07:10:52.589Z
1,7,46.15,2024-07-01T07:07:50.233Z
72,3,-44.04,2024-07-01T16:14:21.301Z
16,10,35.58,2024-07-01T05:51:01.749Z
68,5,-90.95,2024-07-01T05:26:20.891Z
45,5,-42.14,2024-07-01T04:20:28.033Z
59,5,21.48,2024-07-01T06:58:02.513Z
99,9,-7.95,2024-07-01T14:13:16.864Z
86,6,-17.14,2024-07-01T06:06:28.428Z
43,2,60.53,2024-07-01T16:00:16.603Z
46,9,73.24,2024-07-01T16:58:23.027Z
100,2,-75.3,2024-07-01T12:03:24.976Z
4,6,41.53,2024-07-01T04:57:11.106Z
83,3,-54.02,2024-07-01T13:44:49.383Z
88,10,42.91,2024-07-01T15:55:42.648Z
45,2,-84.15,2024-07-01T09:43:40.096Z
24,3,-97.02,2024-07-01T06:10:02.009Z
47,6,-33.21,2024-07-01T14:50:56.594Z
59,10,-95.54,2024-07-01T17:34:58.947Z
78,9,-68.38,2024-07-01T09:10:56.746Z
39,8,60.41,2024-07-01T03:56:03.655Z
72,9,-10.75,2024-07-01T05:45:58.047Z
67,3,0.64,2024-07-01T04:44:41.727Z
44,8,17.58,2024-07-01T09:57:22.670Z
90,6,27.28,2024-07-01T16:22:17.606Z
83,3,35.72,2024-07-01T16:39:04.999Z
58,6,56.96,2024-07-01T07:03:41.126Z
75,2,-22.87,2024-07-01T12:36:18.836Z
10,6,-28.03,2024-07-01T09:57:06.110Z
100,4,-12.49,2024-07-01T16:32:37.384Z
14,3,19.76,2024-07-01T07:37:41.830Z
78,4,82.67,2024-07-01T09:15:58.506Z
43,1,10.46,2024-07-01T07:46:31.415Z
63,1,65.88,2024-07-01T10:41:27.369Z
15,10,32.20,2024-07-01T04:25:39.368Z
23,8,-98.32,2024-07-01T07:03:19.023Z
91,8,64.22,2024-07-01T11:25:52.928Z
63,2,54.42,2024-07-01T17:43:44.204Z
72,8,-88.48,2024-07-01T13:29:27.679Z
35,10,-56.04,2024-07-01T13:19:30.251Z
80,7,-58.96,2024-07-01T10:45:17.975Z
52,6,36.35,2024-07-01T14:44:21.263Z
23,5,68.30,2024-07-01T07:18:54.560Z
52,7,52.03,2024-07-01T15:54:01.606Z
59,4,-78.55,2024-07-01T11:27:42.964Z
65,8,79.66,2024-07-01T08:47:17.832Z
73,6,21.44,2024-07-01T03:57:45.608Z
13,10,54.91,2024-07-01T09:51:07.855Z
66,3,-42.58,2024-07-01T16:57:07.633Z
17,5,44.18,2024-07-01T10:16:49.119Z
99,3,-77.73,2024-07-01T03:20:31.143Z
50,6,-51.33,2024-07-01T16:21:16.593Z
5,9,-68.96,2024-07-01T12:10:23.412Z
9,9,94.33,2024-07-01T11:50:55.264Z
31,8,23.81,2024-07-01T12:56:48.583Z
47,10,-67.78,2024-07-01T17:30:24.064Z
39,6,-66.2,2024-07-01T16:22:04.769Z
12,8,-71.14,2024-07-01T17:05:02.039Z
19,2,-52.13,2024-07-01T06:49:17.654Z
93,7,-47.11,2024-07-01T15:29:17.084Z
30,3,12.59,2024-07-01T11:03:18.247Z
45,6,57.75,2024-07-01T05:18:56.086Z
73,7,-29.02,2024-07-01T08:08:22.477Z
25,6,-67.9,2024-07-01T16:31:04.165Z
61,9,-46.55,2024-07-01T06:26:55.378Z
45,10,11.81,2024-07-01T05:10:59.308Z
18,7,28.74,2024-07-01T16:35:01.675Z
46,1,53.23,2024-07-01T07:34:28.056Z
51,6,-94.76,2024-07-01T03:10:14.990Z
58,4,76.95,2024-07-01T09:11:45.430Z
21,1,-86.64,2024-07-01T15:47:41.742Z
21,3,89.45,2024-07-01T17:26:31.538Z
45,10,29.28,2024-07-01T13:44:08.352Z
52,3,-49.62,2024-07-01T09:47:27.356Z
40,9,16.19,2024-07-01T11:51:41.198Z
43,1,-51.12,2024-07-01T16:21:21.292Z
65,4,56.63,2024-07-01T08:36:33.086Z
6,8,-61.09,2024-07-01T11:31:12.098Z
95,6,-7.86,2024-07-01T16:18:34.633Z
55,3,-41.52,2024-07-01T13:24:08.841Z
33,2,8.15,2024-07-01T16:57:18.565Z
39,6,4.96,2024-07-01T05:30:11.316Z
47,9,60.38,2024-07-01T04:23:08.141Z
52,7,-18.12,2024-07-01T05:38:39.545Z
93,9,-20.44,2024-07-01T08:01:35.987Z
71,10,42.57,2024-07-01T17:51:24.349Z
94,2,-14.44,2024-07-01T10:43:53.142Z
82,10,-66.73,2024-07-01T03:42:07.524Z
2,1,-65.8,2024-07-01T10:43:52.250Z
16,10,-69.58,2024-07-01T05:19:34.905Z
20,7,-3.1,2024-07-01T14:42:34.581Z
74,10,99.61,2024-07-01T06:47:40.576Z
30,2,23.20,2024-07-01T12:33:50.130Z
41,2,-55.5,2024-07-01T14:39:28.536Z
38,7,62.78,2024-07-01T13:27:39.233Z
32,5,76.98,2024-07-01T06:23:00.603Z
91,5,49.13,2024-07-01T12:57:15.014Z
67,2,-24.65,2024-07-01T11:18:38.848Z
53,8,-9.81,2024-07-01T11:41:46.325Z
21,4,-60.32,2024-07-01T16:13:24.809Z
10,6,28.92,2024-07-01T08:43:59.973Z
65,10,77.83,2024-07-01T05:15:15.871Z
8,10,60.34,2024-07-01T06:25:45.590Z
28,7,-90.66,2024-07-01T16:58:22.713Z
72,10,15.26,2024-07-01T14:42:53.381Z
51,5,-47.62,2024-07-01T10:48:13.988Z
33,9,-99.7,2024-07-01T16:17:32.818Z
74,10,-66.67,2024-07-01T12:40:03.544Z
70,3,-90.6,2024-07-01T16:08:15.234Z
68,3,-74.87,2024-07-01T05:37:24.186Z
12,5,2.33,2024-07-01T14:59:56.422Z
88,1,27.00,2024-07-01T16:46:54.810Z
79,8,-86.97,2024-07-01T13:17:04.827Z
41,3,-31.98,2024-07-01T03:56:15.243Z
56,4,-75.77,2024-07-01T11:14:56.312Z
13,7,28.58,2024-07-01T06:42:48.244Z
13,4,49.12,2024-07-01T15:29:10.181Z
13,7,87.63,2024-07-01T03:03:12.796Z
66,1,11.15,2024-07-01T12:50:09.663Z
35,6,-87.55,2024-07-01T09:27:27.626Z
86,10,94.88,2024-07-01T05:07:45.465Z
81,2,45.74,2024-07-01T16:24:24.595Z
91,7,-2.9,2024-07-01T05:11:37.665Z
69,5,-81.78,2024-07-01T09:03:41.243Z
40,3,-93.97,2024-07-01T08:13:56.146Z
23,1,-80.29,2024-07-01T12:40:55.167Z
32,3,-54.94,2024-07-01T08:31:40.920Z
44,9,-96.7,2024-07-01T16:10:40.961Z
63,10,-36.98,2024-07-01T10:15:41.300Z
94,9,44.31,2024-07-01T10:19:42.979Z
28,2,85.55,2024-07-01T08:03:56.719Z
24,9,-17,2024-07-01T05:03:36.781Z
44,5,-61.21,2024-07-01T10:58:32.263Z
85,6,-43.93,2024-07-01T03:52:53.412Z
47,1,42.24,2024-07-01T09:01:27.581Z
55,4,-75.55,2024-07-01T16:22:57.098Z
3,5,21.45,2024-07-01T05:40:47.181Z
52,3,40.88,2024-07-01T15:22:17.345Z
3,4,82.29,2024-07-01T17:00:11.669Z
10,8,38.86,2024-07-01T03:33:25.864Z
91,7,-14.62,2024-07-01T12:03:19.873Z
34,9,-55.61,2024-07-01T17:39:00.122Z
41,3,-39.76,2024-07-01T08:05:48.734Z
20,6,-46.35,2024-07-01T05:04:35.147Z
78,9,41.77,2024-07-01T11:28:58.358Z
37,2,28.09,2024-07-01T13:33:13.784Z
35,9,-3.72,2024-07-01T09:01:47.242Z
66,10,94.83,2024-07-01T14:31:09.638Z
41,6,-15.81,2024-07-01T07:13:27.113Z
23,5,-44.97,2024-07-01T17:09:40.695Z
8,10,62.23,2024-07-01T12:25:20.524Z
1,6,-0.51,2024-07-01T16:51:33.763Z
62,7,-83.24,2024-07-01T08:53:40.316Z
84,8,-65.41,2024-07-01T05:52:52.765Z
13,3,-42.28,2024-07-01T04:52:45.995Z
80,6,29.32,2024-07-01T10:18:56.166Z
85,4,25.21,2024-07-01T16:49:45.305Z
64,7,54.62,2024-07-01T13:00:33.428Z
93,2,-16.39,2024-07-01T10:04:31.010Z
12,2,-13.92,2024-07-01T12:09:27.947Z
22,10,57.63,2024-07-01T14:07:12.311Z
97,1,47.78,2024-07-01T15:43:37.216Z
61,2,26.42,2024-07-01T11:02:42.944Z
28,9,-92.31,2024-07-01T14:06:30.903Z
29,3,-12.51,2024-07-01T09:43:42.039Z
27,2,-71.22,2024-07-01T11:05:54.164Z
72,6,0.17,2024-07-01T15:00:31.752Z
57,2,-21.74,2024-07-01T07:34:23.578Z
2,9,-9.68,2024-07-01T07:53:17.527Z
59,5,-27.01,2024-07-01T07:46:46.017Z
13,10,24.43,2024-07-01T13:31:36.475Z
77,10,28.99,2024-07-01T14:08:45.783Z
46,9,93.95,2024-07-01T10:44:56.448Z
59,2,86.33,2024-07-01T10:49:48.695Z
32,10,61.58,2024-07-01T17:18:38.916Z
55,5,-12.71,2024-07-01T14:24:49.978Z
94,3,-26.27,2024-07-01T06:07:28.649Z
72,9,-18.45,2024-07-01T13:49:17.204Z
45,5,-44.28,2024-07-01T06:56:45.134Z
45,10,-4.18,2024-07-01T03:21:44.016Z
34,1,-74.49,2024-07-01T03:51:37.251Z
48,3,16.92,2024-07-01T15:58:18.889Z
29,9,66.02,2024-07-01T17:27:13.510Z
4,5,83.76,2024-07-01T14:11:47.750Z
57,4,-45.01,2024-07-01T10:34:10.714Z
22,6,-95.82,2024-07-01T09:24:59.987Z
13,6,21.24,2024-07-01T03:09:38.205Z
26,9,94.07,2024-07-01T13:41:36.978Z
18,9,27.97,2024-07-01T11:50:36.780Z
71,6,-4.59,2024-07-01T12:02:01.313Z
35,6,-99.07,2024-07-01T03:35:34.597Z
2,3,12.98,2024-07-01T05:36:17.354Z
20,2,-82.46,2024-07-01T03:37:21.258Z
8,2,-72.88,2024-07-01T09:23:02.507Z
63,8,-85.2,2024-07-01T13:23:53.809Z
63,4,-23.29,2024-07-01T08:37:16.995Z
63,5,-38.06,2024-07-01T08:10:34.222Z
43,8,36.09,2024-07-01T17:11:31.909Z
8,1,94.66,2024-07-01T07:21:50.535Z
31,4,24.08,2024-07-01T08:47:36.001Z
62,1,63.57,2024-07-01T13:19:29.244Z
96,9,-68.89,2024-07-01T03:29:59.349Z
5,6,-75.47,2024-07-01T03:46:53.541Z
29,3,-79.05,2024-07-01T09:58:45.827Z
28,4,55.11,2024-07-01T07:20:18.662Z
81,3,47.40,2024-07-01T13:38:06.410Z
87,9,66.32,2024-07-01T12:29:51.721Z
44,6,-39.81,2024-07-01T04:08:53.197Z
40,2,-71.69,2024-07-01T03:07:21.105Z
23,6,99.61,2024-07-01T06:59:26.580Z
41,10,-85.63,2024-07-01T03:37:24.861Z
79,10,78.12,2024-07-01T05:51:16.468Z
79,4,47.78,2024-07-01T09:56:49.478Z
70,6,78.06,2024-07-01T16:56:47.807Z
45,6,98.94,2024-07-01T10:37:21.477Z
11,8,57.97,2024-07-01T04:16:23.151Z
15,1,-66.87,2024-07-01T03:12:42.756Z
90,5,97.80,2024-07-01T13:20:34.384Z
14,10,37.31,2024-07-01T06:52:37.436Z
27,6,-95.4,2024-07-01T06:30:32.026Z
18,5,9.27,2024-07-01T15:26:02.547Z
30,8,-83.18,2024-07-01T04:08:48.506Z
88,4,3.25,2024-07-01T16:21:13.232Z
46,5,-61.58,2024-07-01T03:01:05.944Z
9,8,-94.89,2024-07-01T05:32:56.335Z
5,4,62.28,2024-07-01T17:53:40.691Z
79,9,97.94,2024-07-01T08:53:09.811Z
40,4,-84.47,2024-07-01T07:23:36.011Z
94,8,83.00,2024-07-01T10:16:18.745Z
76,8,-4.43,2024-07-01T03:50:46.907Z
59,3,87.44,2024-07-01T15:13:16.165Z
59,9,-88.35,2024-07-01T14:24:15.961Z
33,1,-22.31,2024-07-01T10:50:26.390Z
27,5,-62.63,2024-07-01T07:05:01.246Z
27,6,-42.62,2024-07-01T06:40:12.360Z
56,10,71.68,2024-07-01T10:58:30.746Z
5,5,-54.65,2024-07-01T04:19:14.764Z
61,1,-35.7,2024-07-01T17:32:10.518Z
14,3,5.20,2024-07-01T09:52:21.794Z
9,4,41.89,2024-07-01T15:54:16.812Z
7,9,4.22,2024-07-01T09:52:23.419Z
60,2,81.68,2024-07-01T08:09:26.308Z
32,3,-22.44,2024-07-01T12:37:46.841Z
96,6,-35.64,2024-07-01T05:43:18.227Z
21,2,87.93,2024-07-01T13:14:49.210Z
91,2,42.42,2024-07-01T13:45:13.448Z
6,7,86.19,2024-07-01T17:13:19.298Z
22,5,8.85,2024-07-01T07:48:08.571Z
94,8,-10.61,2024-07-01T13:05:13.258Z
80,4,5.85,2024-07-01T08:58:18.064Z
30,10,-95.97,2024-07-01T12:45:18.370Z
39,5,16.26,2024-07-01T17:15:29.250Z
32,9,66.49,2024-07-01T09:49:23.365Z
99,5,79.46,2024-07-01T06:36:00.354Z
89,1,55.70,2024-07-01T15:56:08.914Z
59,9,11.45,2024-07-01T06:43:43.251Z
82,6,-57.33,2024-07-01T13:40:30.200Z
1,6,-34.86,2024-07-01T06:23:43.081Z
24,1,27.33,2024-07-01T07:34:33.795Z
2,1,-87.45,2024-07-01T16:52:40.965Z
57,1,83.54,2024-07-01T16:00:53.018Z
53,6,3.49,2024-07-01T09:31:24.521Z
11,5,18.24,2024-07-01T05:11:01.879Z
35,6,94.64,2024-07-01T14:43:30.069Z
34,5,24.48,2024-07-01T07:08:23.667Z
94,9,98.10,2024-07-01T06:59:33.377Z
3,10,54.87,2024-07-01T08:13:51.402Z
49,9,-29.95,2024-07-01T15:13:19.774Z
67,5,-59.32,2024-07-01T13:09:47.175Z
37,8,-64.47,2024-07-01T09:34:42.802Z
42,6,-82.74,2024-07-01T12:31:37.813Z
50,2,-57.57,2024-07-01T07:01:14.074Z
71,5,1.83,2024-07-01T06:39:56.539Z
3,7,89.36,2024-07-01T05:49:46.319Z
18,10,77.45,2024-07-01T12:57:52.919Z
97,1,55.52,2024-07-01T09:50:34.573Z
12,1,32.39,2024-07-01T10:06:46.666Z
87,4,75.99,2024-07-01T14:04:31.939Z
59,4,17.21,2024-07-01T07:52:29.746Z
43,7,47.58,2024-07-01T06:48:56.683Z
87,5,57.39,2024-07-01T09:01:46.075Z
39,1,-88.04,2024-07-01T11:46:54.346Z
42,6,-27.2,2024-07-01T04:38:28.017Z
25,7,85.06,2024-07-01T04:34:41.381Z
78,5,-6.87,2024-07-01T15:52:49.771Z
2,6,50.45,2024-07-01T11:39:39.051Z
86,4,-97.44,2024-07-01T14:44:18.802Z
47,3,56.95,2024-07-01T04:31:33.249Z
92,8,72.27,2024-07-01T12:31:16.090Z
80,1,-7.79,2024-07-01T11:18:18.230Z
91,6,23.25,2024-07-01T06:33:22.068Z
68,1,66.46,2024-07-01T11:43:24.529Z
43,8,-79.48,2024-07-01T13:08:32.507Z
66,10,11.24,2024-07-01T03:19:46.164Z
50,8,91.26,2024-07-01T09:22:53.523Z
35,5,-56.2,2024-07-01T15:25:05.101Z
91,6,-98.11,2024-07-01T16:28:55.830Z
11,9,-73.25,2024-07-01T15:50:17.082Z
30,7,90.11,2024-07-01T13:36:37.076Z
53,8,-7.6,2024-07-01T13:29:13.971Z
78,4,-11.73,2024-07-01T10:04:51.300Z
60,8,-4.62,2024-07-01T12:54:07.202Z
34,1,-9.96,2024-07-01T09:43:46.929Z
47,9,62.77,2024-07-01T04:12:27.564Z
73,6,69.63,2024-07-01T13:08:37.237Z
12,10,-66.76,2024-07-01T12:37:35.242Z
50,6,11.74,2024-07-01T13:19:24.265Z
71,2,-20.42,2024-07-01T10:59:52.463Z
86,2,41.06,2024-07-01T15:08:47.172Z
13,1,4.50,2024-07-01T10:25:11.436Z
10,9,-51.95,2024-07-01T07:26:36.961Z
36,4,25.65,2024-07-01T03:03:46.380Z
16,8,87.29,2024-07-01T11:12:19.483Z
29,9,-20.48,2024-07-01T13:46:37.594Z
31,6,59.46,2024-07-01T12:17:22.633Z
88,7,75.41,2024-07-01T11:21:16.702Z
49,10,-70.24,2024-07-01T07:43:49.767Z
18,5,-39.75,2024-07-01T13:16:32.277Z
35,4,-88.57,2024-07-01T08:31:13.233Z
98,10,-92.43,2024-07-01T10:51:03.351Z
66,8,16.95,2024-07-01T10:41:14.184Z
16,9,-30.35,2024-07-01T10:19:48.475Z
33,7,77.98,2024-07-01T03:40:00.783Z
1,9,30.28,2024-07-01T08:26:10.177Z
20,10,91.87,2024-07-01T13:37:54.795Z
56,9,-17.35,2024-07-01T14:25:42.829Z
97,6,80.44,2024-07-01T08:48:30.175Z
40,2,-36.93,2024-07-01T07:45:58.155Z
30,9,16.60,2024-07-01T04:53:51.299Z
8,2,56.70,2024-07-01T14:51:17.381Z
60,10,-57.46,2024-07-01T06:09:42.604Z
5,1,6.78,2024-07-01T03:49:25.215Z
46,5,-20.57,2024-07-01T15:58:55.666Z
2,4,-85.92,2024-07-01T14:50:33.011Z
81,3,-44.98,2024-07-01T11:45:29.376Z
90,2,15.30,2024-07-01T05:29:55.243Z
50,1,-78.02,2024-07-01T04:19:17.631Z
53,8,-69.08,2024-07-01T09:44:43.892Z
5,7,21.13,2024-07-01T06:38:54.259Z
4,8,-19.49,2024-07-01T15:43:23.088Z
85,3,-30.79,2024-07-01T03:54:42.327Z
78,5,53.58,2024-07-01T08:03:20.523Z
54,8,-26.89,2024-07-01T08:10:39.411Z
98,7,-56.31,2024-07-01T17:02:21.050Z
75,8,18.29,2024-07-01T14:07:58.102Z
2,10,30.69,2024-07-01T07:30:18.768Z
42,5,-72.85,2024-07-01T12:31:46.759Z
7,7,-77.83,2024-07-01T03:47:30.051Z
39,9,-91.2,2024-07-01T10:23:58.303Z
45,5,91.14,2024-07-01T14:23:47.165Z
81,3,16.85,2024-07-01T08:13:17.618Z
55,5,-48.79,2024-07-01T09:46:26.770Z
24,9,-47.32,2024-07-01T17:41:38.585Z
12,9,23.97,2024-07-01T12:37:34.529Z
71,4,0.34,2024-07-01T07:03:53.688Z
6,5,23.81,2024-07-01T11:40:29.759Z
19,5,30.62,2024-07-01T06:16:57.685Z
76,10,74.78,2024-07-01T04:03:44.502Z
21,3,92.05,2024-07-01T15:49:47.435Z
4,4,99.37,2024-07-01T16:58:35.288Z
82,9,90.38,2024-07-01T07:04:48.689Z
3,10,81.61,2024-07-01T03:56:14.122Z
48,1,-49.26,2024-07-01T17:10:51.310Z
76,6,31.37,2024-07-01T10:45:59.550Z
29,1,77.53,2024-07-01T09:24:41.305Z
59,6,11.36,2024-07-01T16:15:38.564Z
54,3,-14.61,2024-07-01T11:10:55.929Z
46,5,-51.47,2024-07-01T11:40:54.437Z
24,5,-24.2,2024-07-01T05:48:01.274Z
79,7,26.13,2024-07-01T13:56:03.873Z
7,8,36.56,2024-07-01T09:59:45.128Z
91,1,-25.7,2024-07-01T10:46:57.764Z
16,8,-56.54,2024-07-01T10:24:07.186Z
36,3,-98.89,2024-07-01T08:14:37.895Z
73,8,88.29,2024-07-01T14:01:26.274Z
62,8,-11.86,2024-07-01T15:44:58.019Z
38,4,-75.64,2024-07-01T15:49:27.026Z
18,2,84.45,2024-07-01T15:29:47.192Z
17,8,-42.91,2024-07-01T07:12:48.978Z
31,2,-51.48,2024-07-01T12:25:00.787Z
60,6,33.26,2024-07-01T15:05:40.701Z
85,1,38.57,2024-07-01T13:59:14.623Z
40,5,-38.82,2024-07-01T15:40:02.227Z
75,8,14.42,2024-07-01T17:24:11.033Z
71,2,7.10,2024-07-01T12:18:34.431Z
50,5,95.30,2024-07-01T14:44:48.903Z
63,1,9.55,2024-07-01T04:39:46.101Z
12,5,-5.9,2024-07-01T13:20:21.135Z
97,6,-65.68,2024-07-01T05:29:47.105Z
37,3,24.90,2024-07-01T04:22:39.433Z
13,9,8.84,2024-07-01T17:08:27.063Z
98,4,-19.59,2024-07-01T08:56:06.960Z
38,9,-44.07,2024-07-01T15:11:26.049Z
51,7,60.05,2024-07-01T16:00:55.241Z
55,4,-50.52,2024-07-01T06:52:39.754Z
64,8,-21.06,2024-07-01T07:25:02.727Z
17,3,-63.46,2024-07-01T15:45:47.186Z
82,8,65.53,2024-07-01T12:24:14.640Z
11,8,-45.51,2024-07-01T14:23:46.745Z
97,9,-7.54,2024-07-01T04:25:17.683Z
29,5,15.55,2024-07-01T17:26:40.682Z
73,8,76.91,2024-07-01T04:59:51.560Z
64,4,-4.27,2024-07-01T07:57:16.841Z
60,9,4.71,2024-07-01T09:06:37.143Z
22,1,-69.85,2024-07-01T13:07:12.164Z
84,4,-25.69,2024-07-01T13:37:06.939Z
92,2,81.84,2024-07-01T03:25:09.766Z
37,3,11.77,2024-07-01T13:51:35.908Z
21,5,-79.3,2024-07-01T13:41:51.259Z
39,7,-82.94,2024-07-01T14:36:55.261Z
34,5,82.56,2024-07-01T03:09:55.441Z
80,3,53.56,2024-07-01T06:44:51.216Z
54,6,10.08,2024-07-01T17:32:02.237Z
3,2,-98.01,2024-07-01T03:52:23.057Z
50,3,40.43,2024-07-01T17:51:00.564Z
55,4,-73.3,2024-07-01T10:59:02.016Z
28,8,-25.15,2024-07-01T15:04:02.995Z
34,6,-99.69,2024-07-01T08:06:57.706Z
34,6,-62.37,2024-07-01T06:24:40.176Z
72,8,-5.58,2024-07-01T09:59:38.939Z
24,3,-34.57,2024-07-01T09:34:59.548Z
17,7,21.01,2024-07-01T15:00:24.715Z
29,8,-20.86,2024-07-01T10:18:28.817Z
28,2,86.66,2024-07-01T10:52:12.813Z
62,7,-81.66,2024-07-01T03:39:37.658Z
85,10,47.13,2024-07-01T16:30:28.448Z
52,7,-15.69,2024-07-01T14:37:36.006Z
79,7,7.02,2024-07-01T12:45:53.285Z
48,10,47.80,2024-07-01T13:16:49.109Z
28,10,42.01,2024-07-01T13:09:07.146Z
7,5,-93.94,2024-07-01T16:56:35.152Z
40,1,-72.74,2024-07-01T04:52:04.291Z
46,2,-49.44,2024-07-01T09:27:55.689Z
9,8,-16.41,2024-07-01T09:12:10.719Z
87,10,-90.35,2024-07-01T07:20:39.734Z
51,9,-85.29,2024-07-01T07:07:48.077Z
8,7,71.37,2024-07-01T08:26:50.189Z
70,7,89.89,2024-07-01T05:27:27.497Z
21,8,90.19,2024-07-01T13:56:53.753Z
97,5,-54.84,2024-07-01T15:33:40.814Z
45,7,-13.89,2024-07-01T15:25:36.394Z
88,9,-11.98,2024-07-01T16:09:39.622Z
49,2,1.64,2024-07-01T06:52:44.537Z
61,5,-56.62,2024-07-01T08:13:13.530Z
26,10,73.40,2024-07-01T09:35:54.427Z
19,5,97.60,2024-07-01T13:38:27.957Z
52,9,-41.43,2024-07-01T05:31:36.846Z
8,7,-65.56,2024-07-01T11:19:02.236Z
1,2,46.35,2024-07-01T09:46:33.314Z
57,4,-69.95,2024-07-01T07:57:25.220Z
20,2,-69.72,2024-07-01T10:22:14.126Z
88,1,9.58,2024-07-01T14:28:10.138Z
6,2,-81.89,2024-07-01T05:07:11.655Z
38,10,19.98,2024-07-01T05:17:34.083Z
62,5,-42.71,2024-07-01T08:39:37.823Z
95,2,68.47,2024-07-01T04:00:17.407Z
19,3,-69.47,2024-07-01T15:25:22.585Z
55,10,50.71,2024-07-01T07:07:32.309Z
81,2,61.45,2024-07-01T07:42:01.727Z
64,9,-55.02,2024-07-01T08:14:39.488Z
76,8,-69.47,2024-07-01T13:34:48.957Z
39,9,-16.31,2024-07-01T11:09:51.265Z
19,7,-75.16,2024-07-01T10:10:57.748Z
81,3,36.14,2024-07-01T07:36:12.588Z
13,9,76.49,2024-07-01T06:46:36.144Z
4,8,20.80,2024-07-01T07:43:56.185Z
89,2,-92.95,2024-07-01T12:36:04.573Z
88,4,-58.89,2024-07-01T13:13:25.050Z
100,8,80.65,2024-07-01T09:34:38.131Z
63,3,53.53,2024-07-01T05:50:59.774Z
63,6,12.77,2024-07-01T09:00:15.527Z
78,2,27.60,2024-07-01T11:22:34.327Z
38,7,-81.04,2024-07-01T07:28:13.546Z
20,2,-48.76,2024-07-01T13:23:36.489Z
89,6,73.69,2024-07-01T17:54:23.549Z
17,8,4.20,2024-07-01T09:11:02.867Z
10,7,78.49,2024-07-01T08:45:28.960Z
95,2,-53.62,2024-07-01T16:37:53.066Z
29,9,-88.39,2024-07-01T12:01:31.138Z
41,9,-65.82,2024-07-01T08:32:08.845Z
11,7,-68.8,2024-07-01T08:22:45.245Z
78,2,-37.39,2024-07-01T11:08:13.772Z
97,2,78.60,2024-07-01T04:30:03.036Z
79,6,-95.23,2024-07-01T07:13:18.018Z
43,6,43.15,2024-07-01T17:03:19.423Z
28,4,66.47,2024-07-01T05:00:15.996Z
13,9,14.83,2024-07-01T17:23:51.559Z
7,1,-9.14,2024-07-01T17:56:23.727Z
54,4,-54.36,2024-07-01T08:45:19.055Z
80,3,95.99,2024-07-01T15:49:19.677Z
99,5,-97.9,2024-07-01T10:19:04.869Z
10,8,28.37,2024-07-01T08:18:30.013Z
52,6,-83.11,2024-07-01T11:34:06.042Z
25,10,71.84,2024-07-01T08:17:27.666Z
31,2,-6.01,2024-07-01T16:52:22.878Z
25,7,56.58,2024-07-01T13:00:47.750Z
95,1,94.32,2024-07-01T09:27:31.586Z
84,10,-22.44,2024-07-01T14:06:31.467Z
28,6,40.22,2024-07-01T12:48:01.722Z
85,5,50.38,2024-07-01T04:56:58.291Z
86,5,53.43,2024-07-01T07:38:57.105Z
91,8,39.67,2024-07-01T17:08:30.338Z
75,2,-92.12,2024-07-01T17:02:08.791Z
8,5,40.70,2024-07-01T09:10:13.463Z
44,6,48.68,2024-07-01T13:03:41.343Z
46,2,33.95,2024-07-01T03:18:07.544Z
42,4,65.84,2024-07-01T14:52:28.415Z
10,6,-53.13,2024-07-01T06:30:17.995Z
99,10,24.55,2024-07-01T09:29:29.954Z
62,9,49.98,2024-07-01T04:00:23.740Z
82,6,-74.6,2024-07-01T11:06:08.840Z
43,7,7.45,2024-07-01T14:20:07.481Z
76,9,23.68,2024-07-01T12:31:44.657Z
46,4,-37.31,2024-07-01T09:11:22.009Z
31,7,-30.99,2024-07-01T04:19:43.203Z
13,1,23.01,2024-07-01T17:05:11.681Z
13,8,-79.15,2024-07-01T15:33:46.617Z
36,8,-76.86,2024-07-01T17:57:58.893Z
49,4,57.98,2024-07-01T11:28:17.298Z
77,4,-44.52,2024-07-01T14:45:54.304Z
69,3,-87.33,2024-07-01T14:39:38.516Z
23,3,-75.7,2024-07-01T16:55:56.415Z
7,10,57.42,2024-07-01T08:32:31.280Z
57,9,-48.7,2024-07-01T11:53:49.729Z
33,2,70.98,2024-07-01T17:57:20.518Z
81,6,15.53,2024-07-01T17:01:58.139Z
19,6,-50.05,2024-07-01T06:50:54.137Z
79,2,76.31,2024-07-01T03:02:10.404Z
38,4,57.64,2024-07-01T06:41:40.331Z
55,4,-39.86,2024-07-01T11:00:59.378Z
21,2,-35.65,2024-07-01T15:22:00.294Z
76,2,52.42,2024-07-01T11:51:19.069Z
59,10,-41.29,2024-07-01T15:46:01.574Z
12,4,0.89,2024-07-01T07:03:44.586Z
33,3,40.06,2024-07-01T16:29:48.415Z
63,5,-48.92,2024-07-01T04:36:55.340Z
88,5,14.41,2024-07-01T10:32:10.810Z
41,8,1.30,2024-07-01T08:41:14.188Z
51,9,44.07,2024-07-01T14:43:22.219Z
75,9,1.45,2024-07-01T06:04:26.913Z
98,8,38.56,2024-07-01T03:08:20.025Z
66,4,84.82,2024-07-01T10:13:06.665Z
62,9,-64.05,2024-07-01T08:53:57.681Z
34,6,61.81,2024-07-01T03:30:29.355Z
5,5,97.18,2024-07-01T12:03:10.051Z
59,4,59.84,2024-07-01T13:56:07.332Z
48,6,-47.01,2024-07-01T05:48:24.778Z
57,5,16.67,2024-07-01T14:53:23.723Z
55,3,54.49,2024-07-01T03:25:14.342Z
18,9,36.58,2024-07-01T17:15:34.092Z
16,6,30.46,2024-07-01T15:15:51.757Z
66,3,99.01,2024-07-01T08:08:30.251Z
9,3,94.05,2024-07-01T04:17:49.744Z
74,4,-50.82,2024-07-01T05:34:13.707Z
85,8,-81.32,2024-07-01T13:14:04.376Z
60,3,89.20,2024-07-01T03:21:03.286Z
29,3,24.55,2024-07-01T14:02:46.699Z
82,6,-88.1,2024-07-01T07:29:36.562Z
23,5,-53.61,2024-07-01T13:14:03.103Z
8,5,-60.25,2024-07-01T12:08:01.465Z
58,10,-59.24,2024-07-01T10:40:58.699Z
61,4,73.97,2024-07-01T14:05:52.155Z
1,2,-17.47,2024-07-01T15:25:44.345Z
41,4,54.70,2024-07-01T06:03:17.232Z
35,3,-94.14,2024-07-01T12:07:51.697Z
44,4,34.35,2024-07-01T04:08:48.810Z
59,9,-25.14,2024-07-01T17:07:38.539Z
95,5,91.88,2024-07-01T15:21:29.364Z
47,3,12.32,2024-07-01T16:43:17.230Z
73,8,17.45,2024-07-01T03:53:24.432Z
4,7,-75.22,2024-07-01T04:30:03.743Z
58,3,-80.21,2024-07-01T15:38:19.914Z
100,3,97.89,2024-07-01T03:06:12.441Z
17,2,69.43,2024-07-01T03:23:27.842Z
6,6,-28.43,2024-07-01T08:12:27.788Z
12,1,-8.23,2024-07-01T17:07:24.128Z
8,2,-69.55,2024-07-01T06:58:57.178Z
70,2,6.48,2024-07-01T06:51:31.542Z
3,9,-3.49,2024-07-01T07:37:24.548Z
65,6,90.10,2024-07-01T07:55:20.808Z
23,9,93.12,2024-07-01T06:57:24.762Z
95,10,-36.8,2024-07-01T05:35:19.235Z
54,6,97.95,2024-07-01T10:47:12.204Z
21,9,40.77,2024-07-01T05:32:40.763Z
17,5,64.87,2024-07-01T16:04:12.338Z
28,2,-80.72,2024-07-01T13:53:42.201Z
11,6,37.05,2024-07-01T10:53:02.852Z
93,6,-16.99,2024-07-01T17:48:24.876Z
45,7,66.20,2024-07-01T10:31:50.446Z
37,6,86.93,2024-07-01T17:21:13.175Z
3,8,-76.5,2024-07-01T15:44:07.657Z
73,1,25.41,2024-07-01T14:31:37.341Z
28,3,-95.41,2024-07-01T05:12:09.502Z
99,4,-8.08,2024-07-01T10:11:27.923Z
60,4,-83.66,2024-07-01T09:36:42.916Z
59,3,-5.77,2024-07-01T13:29:56.174Z
38,6,-80.14,2024-07-01T12:18:57.650Z
89,3,32.01,2024-07-01T17:38:51.136Z
29,5,-32.21,2024-07-01T06:58:54.293Z
79,6,-78.02,2024-07-01T17:25:56.354Z
30,5,-39.06,2024-07-01T09:02:21.281Z
85,2,43.84,2024-07-01T14:48:14.397Z
51,6,-56.42,2024-07-01T07:11:15.744Z
22,10,95.24,2024-07-01T04:39:22.130Z
82,6,39.60,2024-07-01T04:59:27.659Z
97,4,-76.17,2024-07-01T12:02:07.566Z
9,8,-5.64,2024-07-01T17:15:30.890Z
19,4,-92.42,2024-07-01T12:32:47.027Z
28,3,0.40,2024-07-01T05:11:43.889Z
1,2,22.02,2024-07-01T14:24:59.516Z
48,9,34.46,2024-07-01T09:14:31.076Z
51,8,20.12,2024-07-01T07:21:43.760Z
99,3,-4.32,2024-07-01T03:06:19.450Z
21,6,-50.8,2024-07-01T03:30:03.346Z
84,4,45.20,2024-07-01T05:24:00.352Z
32,2,66.79,2024-07-01T03:05:28.411Z
79,2,-85.73,2024-07-01T05:17:44.686Z
78,5,36.80,2024-07-01T17:37:56.071Z
88,5,-83.04,2024-07-01T16:01:29.502Z
78,2,16.28,2024-07-01T10:03:05.101Z
28,7,49.51,2024-07-01T15:26:51.632Z
42,1,-56.51,2024-07-01T05:00:23.302Z
15,9,-92.14,2024-07-01T08:40:33.656Z
60,10,-7.67,2024-07-01T06:24:11.543Z
67,7,6.47,2024-07-01T13:34:47.562Z
9,10,60.13,2024-07-01T09:02:06.359Z
94,3,40.17,2024-07-01T12:29:09.800Z
24,6,89.99,2024-07-01T08:03:47.785Z
3,3,70.96,2024-07-01T14:44:27.202Z
32,9,-21.25,2024-07-01T04:24:06.855Z
50,3,-29.42,2024-07-01T07:46:57.255Z
54,3,-25.56,2024-07-01T08:04:24.870Z
98,5,-96.02,2024-07-01T16:48:44.175Z
1,7,66.06,2024-07-01T16:18:18.519Z
19,10,-54.46,2024-07-01T11:34:41.227Z
25,8,24.88,2024-07-01T04:46:07.974Z
14,7,33.86,2024-07-01T16:18:33.930Z
45,1,42.56,2024-07-01T06:33:37.422Z
76,3,76.63,2024-07-01T11:22:56.969Z
77,4,19.94,2024-07-01T03:31:02.764Z
96,8,73.80,2024-07-01T14:41:49.918Z
92,4,88.88,2024-07-01T09:26:01.005Z
5,6,-51.33,2024-07-01T04:35:24.976Z
63,5,-32.39,2024-07-01T16:31:41.240Z
1,10,44.12,2024-07-01T14:53:07.501Z
41,3,-97.46,2024-07-01T03:00:06.438Z
96,6,-99.21,2024-07-01T03:41:21.208Z
93,6,7.10,2024-07-01T04:56:42.589Z
61,6,16.51,2024-07-01T16:09:34.070Z
22,4,9.76,2024-07-01T05:55:52.735Z
11,7,13.51,2024-07-01T04:04:59.713Z
38,8,-68.72,2024-07-01T17:36:21.719Z
42,4,56.80,2024-07-01T04:21:59.441Z
64,4,-96.05,2024-07-01T05:51:20.616Z
65,3,-97.47,2024-07-01T14:30:57.457Z
91,7,64.22,2024-07-01T11:24:27.138Z
18,10,21.21,2024-07-01T13:53:37.705Z
38,3,-54.5,2024-07-01T11:28:27.761Z
88,4,12.36,2024-07-01T08:09:24.047Z
11,9,87.51,2024-07-01T17:57:08.922Z
54,2,-84.04,2024-07-01T17:41:08.519Z
34,5,-60.97,2024-07-01T03:48:20.874Z
90,4,-70.61,2024-07-01T11:02:05.755Z
73,4,83.61,2024-07-01T12:33:26.485Z
41,6,31.96,2024-07-01T06:15:07.514Z
28,4,-95.85,2024-07-01T08:00:39.186Z
4,7,-63.03,2024-07-01T03:11:25.040Z
79,6,94.64,2024-07-01T08:12:48.679Z
3,10,-18.89,2024-07-01T10:24:46.051Z
75,6,17.69,2024-07-01T14:41:34.898Z
40,10,-56.86,2024-07-01T17:16:42.400Z
51,7,99.56,2024-07-01T10:48:46.445Z
88,5,92.86,2024-07-01T12:29:26.815Z
13,3,99.18,2024-07-01T13:46:24.041Z
11,8,-4.46,2024-07-01T14:35:34.946Z
49,10,-70.08,2024-07-01T13:54:01.912Z
36,2,49.02,2024-07-01T16:43:49.951Z
94,8,-31.36,2024-07-01T07:22:37.425Z
9,5,-22.44,2024-07-01T05:54:12.920Z
71,6,-37.17,2024-07-01T13:15:39.898Z
28,9,-44.75,2024-07-01T17:36:52.983Z
99,9,63.70,2024-07-01T09:31:21.840Z
75,9,-97.41,2024-07-01T13:16:38.742Z
72,1,62.93,2024-07-01T12:33:37.085Z
24,4,56.62,2024-07-01T17:31:57.105Z
16,6,-11.88,2024-07-01T06:19:45.476Z
24,2,43.33,2024-07-01T12:00:28.362Z
11,7,-20.7,2024-07-01T07:37:53.877Z
61,2,-19.43,2024-07-01T14:09:57.002Z
34,3,33.88,2024-07-01T04:31:42.605Z
93,3,87.06,2024-07-01T05:45:02.892Z
84,3,-12,2024-07-01T09:48:45.105Z
52,10,71.04,2024-07-01T14:31:59.463Z
34,3,-3.75,2024-07-01T17:53:09.798Z
97,9,71.79,2024-07-01T13:14:01.701Z
44,7,-22.22,2024-07-01T12:35:44.906Z
46,5,23.10,2024-07-01T04:38:19.190Z
82,1,-8.83,2024-07-01T06:57:26.132Z
55,3,-1.35,2024-07-01T06:20:45.630Z
23,5,96.15,2024-07-01T17:34:55.187Z
89,1,-45.71,2024-07-01T11:14:01.933Z
27,2,-83.71,2024-07-01T04:21:20.398Z
62,3,52.23,2024-07-01T15:58:42.353Z
99,6,-99.21,2024-07-01T15:15:39.737Z
92,10,96.69,2024-07-01T07:45:17.531Z
11,9,-63.77,2024-07-01T06:36:40.131Z
43,6,50.65,2024-07-01T13:58:40.934Z
88,9,72.74,2024-07-01T17:38:29.213Z
49,7,-4.48,2024-07-01T12:43:43.010Z
37,9,-42.52,2024-07-01T16:02:24.834Z
20,3,-43.36,2024-07-01T06:44:43.596Z
60,2,-27.3,2024-07-01T16:53:12.588Z
30,2,53.40,2024-07-01T10:01:26.722Z
19,10,-13.5,2024-07-01T04:07:37.339Z
25,9,-16.68,2024-07-01T08:17:55.255Z
40,9,-43.36,2024-07-01T05:36:20.439Z
57,7,-20.85,2024-07-01T08:55:29.617Z
13,1,-99.63,2024-07-01T09:35:25.095Z
99,4,31.08,2024-07-01T15:52:28.300Z
65,1,53.61,2024-07-01T07:54:51.924Z
70,10,11.58,2024-07-01T14:50:34.497Z
6,1,83.93,2024-07-01T10:01:38.798Z
82,3,82.91,2024-07-01T11:32:01.057Z
82,10,-6.3,2024-07-01T10:10:02.390Z
20,5,-97.28,2024-07-01T15:07:07.780Z
2,10,77.44,2024-07-01T10:46:56.200Z
80,7,64.09,2024-07-01T14:16:01.547Z
78,10,17.64,2024-07-01T04:30:52.969Z
38,4,-25.38,2024-07-01T04:12:43.471Z
40,7,9.95,2024-07-01T12:19:32.276Z
57,10,27.32,2024-07-01T04:23:29.078Z
69,9,13.37,2024-07-01T05:06:54.016Z
6,4,20.13,2024-07-01T07:28:34.898Z
3,7,88.48,2024-07-01T03:36:10.162Z
100,9,-38.75,2024-07-01T04:41:02.257Z
85,4,-40.8,2024-07-01T13:17:57.654Z
37,4,-30.5,2024-07-01T03:10:04.852Z
79,4,92.66,2024-07-01T05:27:48.932Z
4,6,94.14,2024-07-01T08:43:24.913Z
21,4,-11.5,2024-07-01T10:06:04.418Z
10,10,41.14,2024-07-01T03:01:52.726Z
51,5,0.17,2024-07-01T11:34:21.979Z
23,4,-82.32,2024-07-01T04:28:40.437Z
35,4,13.95,2024-07-01T06:45:03.369Z
48,9,15.18,2024-07-01T07:46:03.117Z
39,9,-91.98,2024-07-01T11:31:25.451Z
64,4,-43.33,2024-07-01T03:23:16.692Z
54,3,-35.52,2024-07-01T12:36:28.299Z
3,9,22.10,2024-07-01T12:17:50.270Z
80,8,-23.31,2024-07-01T14:52:50.323Z
17,1,98.97,2024-07-01T10:08:27.742Z
32,7,14.14,2024-07-01T14:57:39.953Z
80,8,86.55,2024-07-01T13:15:02.760Z
4,3,79.64,2024-07-01T04:14:00.082Z
74,7,3.49,2024-07-01T07:50:17.690Z
57,7,-70.4,2024-07-01T13:13:09.300Z
76,7,65.72,2024-07-01T08:37:05.409Z
89,4,-26.86,2024-07-01T07:55:55.583Z
54,9,-89.59,2024-07-01T17:31:25.454Z
82,8,-98.87,2024-07-01T08:48:38.432Z
26,10,95.22,2024-07-01T12:05:53.030Z
98,2,-20.37,2024-07-01T12:11:12.702Z
48,3,13.86,2024-07-01T04:20:53.236Z
90,4,-53.32,2024-07-01T11:45:16.967Z
13,9,-33.67,2024-07-01T12:51:33.880Z
33,3,41.76,2024-07-01T15:39:23.037Z
64,4,-52.32,2024-07-01T12:57:23.465Z
85,8,-13.93,2024-07-01T11:15:39.787Z
68,4,40.55,2024-07-01T08:56:25.476Z
34,1,4.49,2024-07-01T15:12:38.308Z
2,9,62.56,2024-07-01T16:03:46.345Z
24,7,-61.15,2024-07-01T12:43:54.993Z
73,8,-15.36,2024-07-01T09:48:51.956Z
19,4,-50.93,2024-07-01T17:59:35.048Z
68,6,-73.51,2024-07-01T06:23:09.399Z
9,4,18.29,2024-07-01T12:17:34.256Z
76,2,-78.71,2024-07-01T03:46:12.689Z
42,6,97.61,2024-07-01T11:33:14.855Z
82,5,96.67,2024-07-01T04:04:38.016Z
51,4,83.96,2024-07-01T16:19:40.751Z
15,10,-75.38,2024-07-01T08:28:14.990Z
35,5,51.96,2024-07-01T11:19:21.352Z
28,4,21.31,2024-07-01T05:16:41.027Z
42,1,-5.77,2024-07-01T14:37:44.959Z
87,2,-7.39,2024-07-01T03:19:50.564Z
77,4,45.18,2024-07-01T10:36:05.803Z
14,9,52.12,2024-07-01T10:22:28.079Z
36,7,-43.93,2024-07-01T05:26:42.892Z
94,6,67.94,2024-07-01T16:38:06.202Z
33,1,-57.28,2024-07-01T03:59:00.066Z
30,5,-41.26,2024-07-01T12:44:48.427Z
1,6,56.08,2024-07-01T16:19:52.285Z
18,2,-5.88,2024-07-01T11:57:53.756Z
80,10,-86.26,2024-07-01T15:56:14.035Z
67,5,-78.11,2024-07-01T08:36:50.797Z
42,8,27.99,2024-07-01T15:01:27.563Z
93,8,-90.15,2024-07-01T12:06:36.801Z
71,9,-57.3,2024-07-01T05:06:37.479Z
91,4,-36.68,2024-07-01T03:32:56.482Z
2,8,-49.29,2024-07-01T12:04:34.928Z
32,1,-64.74,2024-07-01T17:40:40.484Z
16,2,-6.11,2024-07-01T14:16:00.325Z
93,7,97.11,2024-07-01T03:35:21.824Z
35,7,74.65,2024-07-01T07:45:49.213Z
16,6,98.19,2024-07-01T14:23:35.474Z
15,9,-7.32,2024-07-01T17:03:45.921Z
76,9,79.74,2024-07-01T11:12:24.797Z
91,6,-93.54,2024-07-01T15:16:45.913Z
23,1,-76.67,2024-07-01T04:22:11.914Z
6,2,-84,2024-07-01T05:38:45.495Z
29,3,-41.44,2024-07-01T07:41:04.015Z
7,6,32.48,2024-07-01T10:12:26.930Z
22,6,-68.21,2024-07-01T05:30:03.147Z
48,8,79.86,2024-07-01T04:12:59.434Z
46,2,-46.98,2024-07-01T04:54:18.042Z
2,8,25.94,2024-07-01T09:15:38.287Z
70,4,-56.26,2024-07-01T17:23:00.167Z
5,1,27.05,2024-07-01T07:18:12.563Z
73,8,-60.22,2024-07-01T12:14:06.447Z
88,6,52.55,2024-07-01T15:16:07.782Z
61,8,61.00,2024-07-01T07:07:22.142Z
31,1,99.17,2024-07-01T17:10:31.535Z
43,8,26.76,2024-07-01T05:27:59.755Z
15,3,-70.19,2024-07-01T06:47:14.600Z
43,6,-60.52,2024-07-01T11:00:18.541Z
72,8,57.17,2024-07-01T14:47:38.300Z
73,6,79.31,2024-07-01T06:12:57.491Z
19,1,-66.79,2024-07-01T16:27:20.848Z
97,2,61.84,2024-07-01T12:39:20.857Z
27,6,30.37,2024-07-01T05:19:27.520Z
48,3,55.57,2024-07-01T10:30:57.666Z
35,8,-92.28,2024-07-01T12:04:31.565Z
54,5,-85.61,2024-07-01T15:58:48.897Z
46,7,-81.39,2024-07-01T03:02:13.460Z
96,3,51.73,2024-07-01T14:16:45.406Z
43,6,-43.71,2024-07-01T06:42:40.603Z
99,9,22.11,2024-07-01T04:47:56.035Z
10,7,32.59,2024-07-01T06:46:08.779Z
91,4,-91.56,2024-07-01T12:03:14.747Z
96,1,93.87,2024-07-01T17:41:23.482Z
60,3,-5.78,2024-07-01T03:08:13.089Z
26,10,33.05,2024-07-01T13:03:02.061Z
32,7,-21.53,2024-07-01T05:20:54.118Z
1,3,10.94,2024-07-01T17:56:28.489Z
54,7,-20.09,2024-07-01T07:11:30.186Z
56,3,-85.48,2024-07-01T06:58:06.837Z
30,7,77.42,2024-07-01T08:28:48.281Z
86,6,-45.4,2024-07-01T16:53:34.868Z
3,6,97.26,2024-07-01T12:26:47.411Z
67,5,41.56,2024-07-01T03:05:58.713Z
31,6,-17.42,2024-07-01T11:46:58.977Z
58,9,-8.13,2024-07-01T16:08:11.225Z
9,5,-64.99,2024-07-01T07:20:10.124Z
34,2,34.72,2024-07-01T11:18:46.944Z
98,4,-94.46,2024-07-01T06:18:34.546Z
31,1,-88.13,2024-07-01T06:43:53.055Z
100,10,18.13,2024-07-01T05:57:54.027Z
18,4,84.16,2024-07-01T10:16:49.329Z
33,3,89.36,2024-07-01T16:03:24.708Z
70,5,-47.62,2024-07-01T17:43:13.009Z
72,10,-34.76,2024-07-01T05:59:07.368Z
6,7,32.38,2024-07-01T12:51:34.115Z
56,7,-28.61,2024-07-01T06:10:10.747Z
96,2,-11.27,2024-07-01T08:28:58.637Z
21,2,-92.25,2024-07-01T14:56:50.313Z
90,3,-53.49,2024-07-01T17:39:12.383Z
44,1,-48.46,2024-07-01T11:05:02.522Z
23,2,-81.94,2024-07-01T07:29:17.296Z
57,2,-97.63,2024-07-01T17:02:04.261Z
76,6,-79.34,2024-07-01T09:42:05.348Z
3,5,4.59,2024-07-01T16:48:27.810Z
88,6,75.19,2024-07-01T05:56:13.607Z
93,4,-42.41,2024-07-01T08:28:40.857Z
73,6,-28.83,2024-07-01T08:28:11.253Z
86,8,77.42,2024-07-01T07:17:20.246Z
72,6,-9.56,2024-07-01T16:09:49.106Z
25,2,-2.61,2024-07-01T14:17:43.617Z
76,2,14.68,2024-07-01T12:37:15.933Z
64,7,-34.81,2024-07-01T13:48:09.696Z
9,2,2.66,2024-07-01T07:03:09.835Z
58,4,95.47,2024-07-01T12:51:51.570Z
23,8,54.14,2024-07-01T14:44:48.877Z
6,9,22.17,2024-07-01T06:21:41.219Z
5,4,-75.84,2024-07-01T07:26:28.019Z
90,4,0.12,2024-07-01T09:16:18.876Z
64,7,-23.55,2024-07-01T15:12:07.934Z
34,1,2.66,2024-07-01T16:02:40.177Z
1,5,-62.49,2024-07-01T16:56:30.054Z
9,6,-94.93,2024-07-01T07:32:45.339Z
4,4,-53.96,2024-07-01T14:03:42.239Z
70,9,92.00,2024-07-01T04:18:41.714Z
23,7,-69.49,2024-07-01T11:15:58.338Z
93,9,-23.09,2024-07-01T08:48:47.943Z
30,8,93.51,2024-07-01T10:39:27.474Z
51,10,-39.86,2024-07-01T14:02:31.240Z
10,9,-72.2,2024-07-01T11:32:52.418Z
3,5,-2.17,2024-07-01T16:10:46.622Z
9,3,-24.72,2024-07-01T11:11:43.603Z
12,1,26.38,2024-07-01T09:17:34.243Z
85,8,38.44,2024-07-01T04:17:10.731Z
71,2,-55.76,2024-07-01T04:57:37.265Z
58,8,-24.83,2024-07-01T07:00:27.851Z
33,2,1.30,2024-07-01T09:54:35.744Z
42,6,52.53,2024-07-01T04:06:38.238Z
97,4,21.76,2024-07-01T11:27:05.693Z
4,6,-7.13,2024-07-01T13:12:43.831Z
92,3,12.76,2024-07-01T05:45:39.851Z
14,10,-94.28,2024-07-01T12:47:39.140Z
28,6,-78.29,2024-07-01T15:19:50.671Z
30,8,-40.34,2024-07-01T04:14:37.915Z
48,10,89.77,2024-07-01T09:17:08.543Z
2,1,-50,2024-07-01T16:25:55.884Z
79,1,15.33,2024-07-01T05:46:15.075Z
92,8,-54.45,2024-07-01T14:39:17.801Z
47,8,-92.05,2024-07-01T13:01:23.538Z
1,4,-50.07,2024-07-01T13:58:05.762Z
38,4,-81.64,2024-07-01T04:07:04.821Z
35,8,-55.66,2024-07-01T05:45:04.348Z
99,4,-47.15,2024-07-01T08:52:43.767Z
9,3,-54.56,2024-07-01T15:21:15.411Z
65,4,-87.9,2024-07-01T09:26:56.498Z
49,6,97.61,2024-07-01T14:25:20.189Z
76,10,92.15,2024-07-01T08:45:06.397Z
66,4,21.73,2024-07-01T16:10:55.457Z
81,5,-50.54,2024-07-01T13:58:52.690Z
23,1,-71.59,2024-07-01T13:04:53.098Z
38,8,40.22,2024-07-01T06:23:56.654Z
6,7,-47.68,2024-07-01T16:41:44.511Z
47,6,-65.25,2024-07-01T12:23:27.662Z
73,5,-6.12,2024-07-01T14:44:13.053Z
27,6,-82.84,2024-07-01T10:28:23.589Z
56,1,98.31,2024-07-01T05:53:58.729Z
95,2,-12.13,2024-07-01T07:27:44.568Z
32,2,-26.66,2024-07-01T04:55:47.867Z
41,5,41.21,2024-07-01T04:47:18.173Z
8,8,92.05,2024-07-01T11:19:28.472Z
27,3,-77.34,2024-07-01T12:42:33.625Z
73,5,47.02,2024-07-01T12:37:44.669Z
50,3,83.61,2024-07-01T07:45:04.341Z
24,10,48.54,2024-07-01T07:35:31.919Z
86,9,-17.38,2024-07-01T17:48:44.058Z
45,4,23.99,2024-07-01T16:51:43.350Z
90,4,97.77,2024-07-01T12:04:12.827Z
23,2,91.54,2024-07-01T13:24:44.504Z
54,7,-54.47,2024-07-01T14:40:52.488Z
93,9,-0.37,2024-07-01T10:40:38.241Z
35,6,-70.34,2024-07-01T11:22:11.816Z
62,3,-42.72,2024-07-01T04:49:41.966Z
79,1,-99.55,2024-07-01T03:34:46.516Z
98,2,29.83,2024-07-01T16:42:09.670Z
84,9,-29.02,2024-07-01T15:35:05.606Z
40,8,84.96,2024-07-01T13:33:33.348Z
31,7,-36.19,2024-07-01T16:09:56.442Z
49,5,-65.12,2024-07-01T14:03:55.676Z
94,5,-78.39,2024-07-01T05:57:01.413Z
24,10,-89.95,2024-07-01T11:13:07.065Z
91,9,96.07,2024-07-01T10:03:11.105Z
91,8,-27.34,2024-07-01T08:53:45.911Z
73,1,99.39,2024-07-01T13:34:24.975Z
8,9,-89.94,2024-07-01T08:08:40.151Z
63,2,-52.18,2024-07-01T16:24:05.153Z
99,7,55.75,2024-07-01T09:48:49.265Z
16,1,-52.41,2024-07-01T17:49:37.471Z
4,7,86.26,2024-07-01T14:20:47.942Z
23,3,13.90,2024-07-01T03:08:33.261Z
26,6,-62.43,2024-07-01T13:52:15.329Z
30,1,26.02,2024-07-01T03:57:07.402Z
16,10,80.27,2024-07-01T12:04:50.357Z
64,2,30.28,2024-07-01T17:48:07.226Z
87,7,9.24,2024-07-01T13:22:47.137Z
93,3,80.45,2024-07-01T12:13:41.112Z
21,4,78.28,2024-07-01T12:06:26.995Z
38,2,30.76,2024-07-01T11:29:44.919Z
13,3,-83.87,2024-07-01T07:07:42.554Z
9,9,-11.44,2024-07-01T04:40:06.922Z
45,9,84.90,2024-07-01T15:53:37.567Z
19,6,-48.55,2024-07-01T03:06:01.196Z
19,3,21.30,2024-07-01T04:50:55.521Z
64,1,-35.33,2024-07-01T17:24:08.771Z
27,9,22.34,2024-07-01T06:22:00.177Z
89,8,-86.36,2024-07-01T16:19:51.318Z
13,7,-48.01,2024-07-01T16:36:34.266Z
18,3,16.98,2024-07-01T08:18:34.694Z
49,3,-39.03,2024-07-01T15:12:02.803Z
84,1,-46.93,2024-07-01T16:46:45.559Z
17,7,-54.56,2024-07-01T14:49:55.147Z
73,9,-47.13,2024-07-01T11:15:15.892Z
22,8,-5.14,2024-07-01T08:32:15.728Z
85,3,-17.56,2024-07-01T07:36:06.388Z
26,8,46.04,2024-07-01T07:59:05.087Z
6,10,19.81,2024-07-01T08:43:16.464Z
91,1,-24.02,2024-07-01T09:30:29.909Z
9,1,-22.83,2024-07-01T13:53:42.255Z
86,8,19.60,2024-07-01T13:49:42.379Z
92,9,-19.26,2024-07-01T14:49:22.936Z
63,6,-82.85,2024-07-01T06:45:00.392Z
91,5,72.95,2024-07-01T17:43:14.251Z
56,4,87.43,2024-07-01T09:31:58.808Z
43,8,-28.45,2024-07-01T10:25:05.628Z
62,6,39.43,2024-07-01T17:39:58.681Z
83,2,90.94,2024-07-01T16:08:01.273Z
61,8,81.59,2024-07-01T14:15:51.288Z
20,9,99.37,2024-07-01T12:47:30.557Z
41,9,-38.05,2024-07-01T03:28:22.569Z
41,2,-5.63,2024-07-01T04:22:27.238Z
1,2,-58.05,2024-07-01T14:21:17.919Z
85,1,-43.34,2024-07-01T09:44:55.675Z
35,3,-10.44,2024-07-01T13:27:58.467Z
34,1,70.80,2024-07-01T06:28:28.941Z
19,3,-85.69,2024-07-01T15:24:35.668Z
58,9,-81.37,2024-07-01T09:03:06.804Z
27,3,-83.89,2024-07-01T05:03:53.624Z
65,4,-14.1,2024-07-01T14:49:15.752Z
93,4,85.63,2024-07-01T11:55:19.350Z
19,9,23.79,2024-07-01T03:44:26.840Z
70,5,33.87,2024-07-01T09:58:51.722Z
21,4,-43.95,2024-07-01T17:50:29.971Z
99,7,-65.12,2024-07-01T16:42:22.971Z
79,6,87.72,2024-07-01T09:30:49.575Z
42,1,-36.58,2024-07-01T16:56:26.441Z
39,9,-22.99,2024-07-01T17:24:09.813Z
2,7,-85.51,2024-07-01T03:48:58.668Z
7,3,42.71,2024-07-01T15:17:19.689Z
23,5,39.15,2024-07-01T10:35:05.686Z
53,3,-35.74,2024-07-01T04:56:12.833Z
13,6,-15.22,2024-07-01T08:33:36.832Z
20,5,-93.63,2024-07-01T15:49:39.926Z
11,4,99.47,2024-07-01T13:57:21.741Z
39,8,9.58,2024-07-01T09:39:47.401Z
4,7,16.34,2024-07-01T12:45:08.158Z
51,2,58.71,2024-07-01T03:12:00.146Z
2,7,42.63,2024-07-01T04:47:15.191Z
90,3,96.44,2024-07-01T05:33:05.493Z
21,9,91.36,2024-07-01T07:03:00.763Z
37,6,-71.05,2024-07-01T11:07:43.952Z
39,1,40.95,2024-07-01T16:33:04.060Z
96,3,-55.68,2024-07-01T13:52:20.247Z
29,7,-4.62,2024-07-01T13:25:20.945Z
22,4,76.98,2024-07-01T13:17:35.756Z
18,2,-10.09,2024-07-01T10:33:00.729Z
76,2,-66.51,2024-07-01T17:54:53.518Z
56,8,-76.22,2024-07-01T16:39:37.733Z
35,6,8.86,2024-07-01T05:39:31.457Z
92,4,-46.97,2024-07-01T10:36:42.875Z
98,1,19.57,2024-07-01T08:28:32.441Z
23,1,77.09,2024-07-01T13:27:10.318Z
92,4,3.10,2024-07-01T05:28:42.841Z
43,8,2.99,2024-07-01T08:51:09.143Z
31,7,25.14,2024-07-01T12:33:43.153Z
16,9,-5.59,2024-07-01T03:21:37.720Z
88,4,42.72,2024-07-01T05:47:25.855Z
9,9,25.31,2024-07-01T09:52:40.896Z
98,10,6.72,2024-07-01T09:39:26.585Z
56,9,-83.92,2024-07-01T03:40:14.981Z
76,8,94.93,2024-07-01T07:23:47.464Z
72,7,-45.06,2024-07-01T16:22:45.155Z
52,10,-85.41,2024-07-01T08:11:14.555Z
100,8,63.14,2024-07-01T16:51:42.155Z
33,2,53.24,2024-07-01T11:47:10.494Z
56,8,-69.37,2024-07-01T06:40:12.963Z
49,6,-56.17,2024-07-01T08:43:15.535Z
22,9,-29.49,2024-07-01T11:38:04.553Z
22,4,-47.13,2024-07-01T17:29:04.673Z
95,2,41.46,2024-07-01T14:40:01.498Z
51,1,-73.38,2024-07-01T13:35:13.061Z
42,2,-75.24,2024-07-01T16:06:14.509Z
41,2,27.65,2024-07-01T16:08:35.921Z
29,7,48.87,2024-07-01T15:21:50.429Z
49,2,20.33,2024-07-01T03:20:34.786Z
41,6,-82.23,2024-07-01T16:48:38.807Z
88,5,66.45,2024-07-01T09:31:37.541Z
97,1,-81.37,2024-07-01T10:23:29.745Z
18,4,-92.64,2024-07-01T17:29:14.942Z
37,7,5.92,2024-07-01T03:04:56.549Z
29,4,-57.65,2024-07-01T10:42:26.867Z
30,6,-21.18,2024-07-01T07:51:10.680Z
40,7,-35.18,2024-07-01T06:39:34.657Z
88,9,64.07,2024-07-01T10:32:36.833Z
89,9,-90.69,2024-07-01T05:43:39.474Z
39,3,53.03,2024-07-01T09:56:56.305Z
1,7,-87.05,2024-07-01T10:00:24.438Z
83,10,-98.33,2024-07-01T03:20:57.296Z
48,1,-13.55,2024-07-01T12:41:06.102Z
78,4,-46.52,2024-07-01T06:24:37.309Z
48,7,-51.53,2024-07-01T03:21:11.807Z
24,5,-28.6,2024-07-01T17:27:07.837Z
58,3,-19.95,2024-07-01T09:30:34.858Z
41,2,54.54,2024-07-01T13:09:27.549Z
6,2,-97.41,2024-07-01T15:07:55.514Z
51,9,66.15,2024-07-01T10:35:21.936Z
81,9,61.00,2024-07-01T15:04:39.546Z
96,6,-10.29,2024-07-01T07:26:42.105Z
43,3,85.59,2024-07-01T09:18:34.139Z
87,9,-81.85,2024-07-01T10:07:56.362Z
30,1,51.07,2024-07-01T08:23:48.752Z
55,9,-46.44,2024-07-01T14:57:25.045Z
71,2,25.91,2024-07-01T09:39:50.287Z
35,2,92.38,2024-07-01T05:59:11.539Z
17,6,-48.86,2024-07-01T16:59:36.090Z
43,10,-6.15,2024-07-01T06:16:31.121Z
19,9,90.08,2024-07-01T16:22:02.733Z
63,2,-15.02,2024-07-01T10:36:53.515Z
36,5,13.84,2024-07-01T15:12:31.453Z
52,7,-42.74,2024-07-01T13:19:30.791Z
78,9,-36.68,2024-07-01T12:53:27.373Z
92,8,39.58,2024-07-01T09:23:47.845Z
27,4,-60.61,2024-07-01T11:12:22.687Z
81,4,57.68,2024-07-01T16:17:30.369Z
55,8,89.38,2024-07-01T12:28:46.267Z
8,5,32.45,2024-07-01T12:02:16.153Z
44,1,7.55,2024-07-01T08:37:52.396Z
83,2,41.63,2024-07-01T05:51:42.665Z
92,8,44.01,2024-07-01T03:55:42.698Z
95,3,0.91,2024-07-01T10:54:06.555Z
63,1,-24.07,2024-07-01T10:28:31.969Z
79,2,14.60,2024-07-01T03:55:38.752Z
27,10,-42.86,2024-07-01T15:09:33.537Z
64,4,-18.7,2024-07-01T05:28:24.583Z
74,2,7.40,2024-07-01T07:03:17.324Z
73,6,-34.38,2024-07-01T05:50:38.597Z
74,6,64.89,2024-07-01T14:09:57.159Z
8,4,-75.74,2024-07-01T13:31:22.718Z
39,6,20.02,2024-07-01T04:04:48.717Z
80,1,-95.33,2024-07-01T12:11:09.093Z
41,8,-91.34,2024-07-01T17:18:02.440Z
62,4,46.00,2024-07-01T14:04:40.877Z
26,10,-33.82,2024-07-01T06:23:56.665Z
37,4,-98.78,2024-07-01T14:50:50.346Z
10,7,8.14,2024-07-01T13:23:41.082Z
94,7,31.98,2024-07-01T14:31:40.387Z
91,6,94.29,2024-07-01T16:34:22.183Z
66,9,-40.49,2024-07-01T06:02:57.379Z
35,7,3.54,2024-07-01T15:17:26.669Z
55,1,19.19,2024-07-01T04:46:10.130Z
51,9,-82.31,2024-07-01T10:01:02.798Z
64,10,57.56,2024-07-01T07:51:37.119Z
42,8,84.20,2024-07-01T10:34:21.643Z
91,6,99.50,2024-07-01T11:53:09.366Z
93,7,19.57,2024-07-01T13:03:02.519Z
32,4,-9.71,2024-07-01T11:46:56.931Z
87,2,-62.3,2024-07-01T13:05:25.337Z
79,6,-84.17,2024-07-01T05:00:17.994Z
49,3,68.13,2024-07-01T08:59:37.175Z
20,9,43.31,2024-07-01T05:07:36.663Z
86,4,-14.44,2024-07-01T16:23:33.130Z
92,10,46.33,2024-07-01T17:56:10.069Z
68,2,93.34,2024-07-01T11:03:18.173Z
52,5,57.88,2024-07-01T12:53:07.799Z
98,1,-12.11,2024-07-01T15:31:57.807Z
14,5,59.85,2024-07-01T03:11:35.620Z
52,8,-81.95,2024-07-01T15:23:03.635Z
81,3,-60.53,2024-07-01T08:16:33.795Z
31,9,-0.99,2024-07-01T09:09:34.932Z
68,8,-3.77,2024-07-01T07:14:13.494Z
5,1,26.50,2024-07-01T04:53:01.273Z
86,10,-87.84,2024-07-01T07:09:55.496Z
91,3,-31.97,2024-07-01T14:00:50.987Z
54,9,-2.74,2024-07-01T07:18:58.691Z
81,3,17.69,2024-07-01T06:57:42.546Z
10,2,78.71,2024-07-01T14:00:22.982Z
41,2,4.12,2024-07-01T09:12:05.028Z
51,3,-44.38,2024-07-01T17:22:07.924Z
26,8,-53.4,2024-07-01T17:12:48.126Z
1,9,-86.25,2024-07-01T05:00:10.254Z
97,8,-34.95,2024-07-01T13:08:26.749Z
75,8,-28.09,2024-07-01T14:25:44.485Z
66,9,68.89,2024-07-01T10:17:33.560Z
53,2,92.14,2024-07-01T14:15:20.348Z
87,5,-9.18,2024-07-01T06:23:20.080Z
4,8,56.50,2024-07-01T11:06:56.937Z
6,5,0.37,2024-07-01T08:15:21.614Z
80,2,71.86,2024-07-01T12:49:21.631Z
68,8,50.31,2024-07-01T06:00:11.149Z
40,1,-49.89,2024-07-01T06:26:20.250Z
90,2,-15.04,2024-07-01T15:47:30.441Z
90,4,19.73,2024-07-01T04:02:56.347Z
65,5,-58.34,2024-07-01T17:14:10.118Z
39,9,41.70,2024-07-01T17:10:04.813Z
30,10,-32.36,2024-07-01T04:07:10.142Z
69,4,-30.73,2024-07-01T07:59:20.919Z
53,10,81.61,2024-07-01T05:25:14.965Z
18,9,42.43,2024-07-01T17:58:07.074Z
80,6,1.65,2024-07-01T05:46:20.484Z
58,1,29.63,2024-07-01T09:56:34.448Z
36,6,-9.92,2024-07-01T06:38:51.451Z
68,6,56.88,2024-07-01T08:39:49.888Z
10,5,-84.07,2024-07-01T11:42:03.843Z
28,5,-97.92,2024-07-01T11:14:50.978Z
30,1,94.93,2024-07-01T10:53:36.116Z
18,9,-25.66,2024-07-01T04:46:51.505Z
54,8,-71.76,2024-07-01T12:58:05.374Z
87,7,-10.35,2024-07-01T14:30:41.496Z
59,4,-6.33,2024-07-01T03:36:41.853Z
30,5,30.67,2024-07-01T05:43:28.177Z
99,9,-72.18,2024-07-01T09:41:25.807Z
19,8,-92.08,2024-07-01T12:38:49.839Z
100,10,61.17,2024-07-01T07:20:46.817Z
49,6,15.93,2024-07-01T13:44:35.165Z
11,6,-73.31,2024-07-01T09:10:14.336Z
60,4,-34.72,2024-07-01T08:56:26.202Z
31,9,-49.59,2024-07-01T08:15:38.739Z
65,5,93.99,2024-07-01T14:10:20.989Z
70,5,71.51,2024-07-01T03:28:55.708Z
63,3,-53.67,2024-07-01T16:09:32.906Z
6,5,-86.41,2024-07-01T12:00:54.838Z
23,10,47.46,2024-07-01T14:12:08.181Z
56,4,13.52,2024-07-01T16:05:38.330Z
1,1,26.88,2024-07-01T11:47:51.496Z
84,9,-59.44,2024-07-01T06:53:22.085Z
65,3,10.22,2024-07-01T14:22:16.787Z
51,9,-7.65,2024-07-01T08:17:31.564Z
10,5,97.89,2024-07-01T17:23:56.957Z
12,9,-96.82,2024-07-01T15:20:43.573Z
6,5,-20.25,2024-07-01T10:47:05.555Z
12,1,-58.89,2024-07-01T05:36:37.671Z
72,7,-81.81,2024-07-01T04:39:05.384Z
38,2,22.25,2024-07-01T15:04:42.978Z
39,5,-82.05,2024-07-01T04:33:00.929Z
61,1,60.96,2024-07-01T08:38:56.632Z
40,9,-41.89,2024-07-01T17:18:33.727Z
30,1,99.19,2024-07-01T16:09:07.147Z
14,9,9.80,2024-07-01T16:11:52.467Z
92,2,-78.4,2024-07-01T14:01:15.837Z
25,10,-78.04,2024-07-01T07:43:46.015Z
96,2,-67.51,2024-07-01T17:52:11.041Z
93,2,67.76,2024-07-01T15:53:21.778Z
15,4,-57.12,2024-07-01T17:27:49.124Z
36,6,-42.5,2024-07-01T08:07:29.954Z
44,1,97.79,2024-07-01T04:40:28.603Z
51,6,90.89,2024-07-01T13:26:55.389Z
24,1,-75.51,2024-07-01T07:10:49.879Z
37,5,26.69,2024-07-01T05:33:06.963Z
49,8,90.84,2024-07-01T15:47:23.703Z
24,3,-48.75,2024-07-01T10:28:58.393Z
98,4,-45.66,2024-07-01T12:01:34.243Z
68,4,53.54,2024-07-01T07:43:28.258Z
25,2,64.31,2024-07-01T08:18:48.936Z
40,3,-20.2,2024-07-01T17:57:17.202Z
37,4,78.19,2024-07-01T10:51:23.650Z
97,6,61.92,2024-07-01T04:24:43.021Z
60,6,4.90,2024-07-01T12:54:20.256Z
48,5,-49.41,2024-07-01T16:37:56.727Z
18,2,-63.78,2024-07-01T06:43:24.149Z
92,7,54.55,2024-07-01T06:19:55.467Z
58,1,37.80,2024-07-01T06:39:54.866Z
95,10,-77.74,2024-07-01T16:19:22.317Z
1,7,-88.52,2024-07-01T11:11:04.447Z
56,5,-73.36,2024-07-01T17:00:16.145Z
73,7,-44.93,2024-07-01T17:14:07.521Z
62,5,-98.22,2024-07-01T16:16:53.397Z
51,7,-55.32,2024-07-01T17:22:17.359Z
45,2,27.29,2024-07-01T06:50:34.447Z
16,2,-20.22,2024-07-01T10:38:42.143Z
23,9,25.36,2024-07-01T08:55:32.717Z
86,1,66.15,2024-07-01T05:07:19.435Z
89,5,63.43,2024-07-01T05:33:28.441Z
66,4,-77.2,2024-07-01T10:49:09.109Z
53,4,5.03,2024-07-01T03:17:43.934Z
37,5,-55.57,2024-07-01T05:58:10.859Z
76,5,-51.23,2024-07-01T07:48:36.098Z
18,10,-20.03,2024-07-01T15:23:56.934Z
48,7,64.03,2024-07-01T07:06:43.455Z
50,10,68.28,2024-07-01T04:13:23.423Z
16,8,21.95,2024-07-01T05:00:49.220Z
99,2,-21.66,2024-07-01T17:11:31.333Z
75,7,-3.13,2024-07-01T10:30:11.982Z
34,1,32.00,2024-07-01T05:09:19.159Z
12,8,91.04,2024-07-01T11:39:20.524Z
5,8,33.37,2024-07-01T08:54:39.004Z
98,6,11.81,2024-07-01T11:02:08.684Z
6,8,-48.71,2024-07-01T14:40:39.701Z
37,5,13.98,2024-07-01T06:01:26.721Z
85,6,-69.97,2024-07-01T09:18:57.382Z
14,10,96.55,2024-07-01T10:37:42.960Z
8,1,78.96,2024-07-01T16:17:31.000Z
72,1,-25.84,2024-07-01T13:25:34.059Z
99,10,-75.42,2024-07-01T10:23:23.173Z
4,8,-16.39,2024-07-01T08:45:54.129Z
74,1,83.84,2024-07-01T05:48:09.305Z
16,10,-11.44,2024-07-01T07:28:50.858Z
84,2,7.61,2024-07-01T15:56:11.538Z
14,6,-92.67,2024-07-01T05:37:21.881Z
73,4,52.31,2024-07-01T08:09:34.568Z
18,4,24.41,2024-07-01T03:10:23.228Z
33,5,-35.33,2024-07-01T09:45:39.732Z
42,4,67.38,2024-07-01T14:52:42.287Z
18,1,10.77,2024-07-01T06:04:55.689Z
89,4,55.84,2024-07-01T12:00:38.736Z
76,3,-13.06,2024-07-01T15:28:33.524Z
25,1,14.50,2024-07-01T16:40:34.739Z
22,1,-92.21,2024-07-01T05:34:22.243Z
4,1,3.89,2024-07-01T12:17:41.000Z
25,4,-6.67,2024-07-01T16:44:24.370Z
79,10,54.56,2024-07-01T03:43:52.547Z
72,2,4.14,2024-07-01T12:51:45.353Z
32,10,0.38,2024-07-01T15:05:06.431Z
31,8,50.96,2024-07-01T14:19:00.757Z
46,7,-40.24,2024-07-01T08:12:28.665Z
79,10,-48.74,2024-07-01T13:46:00.946Z
37,8,10.98,2024-07-01T10:28:10.959Z
57,6,3.70,2024-07-01T16:26:07.757Z
95,9,51.04,2024-07-01T15:03:24.905Z
27,6,46.81,2024-07-01T12:11:46.235Z
47,4,-42.19,2024-07-01T15:02:32.955Z
51,6,83.80,2024-07-01T13:11:04.334Z
17,2,84.74,2024-07-01T15:10:15.734Z
5,1,74.19,2024-07-01T15:06:54.709Z
35,4,-79.54,2024-07-01T13:26:27.105Z
96,10,-16.55,2024-07-01T13:21:10.028Z
63,1,-35.39,2024-07-01T15:00:18.505Z
62,5,-51.94,2024-07-01T06:04:24.209Z
37,3,-84.71,2024-07-01T07:44:45.217Z
12,4,58.26,2024-07-01T17:48:44.704Z
3,5,32.15,2024-07-01T09:28:26.367Z
27,6,-61.76,2024-07-01T06:26:55.767Z
82,1,79.03,2024-07-01T15:49:16.293Z
5,4,18.74,2024-07-01T16:22:31.020Z
72,5,-45.22,2024-07-01T06:05:50.717Z
45,6,52.87,2024-07-01T10:08:19.090Z
21,3,-52.3,2024-07-01T12:52:23.642Z
84,8,98.07,2024-07-01T10:08:59.110Z
100,5,-78.07,2024-07-01T06:21:16.224Z
100,2,75.75,2024-07-01T12:54:33.860Z
67,9,-71.51,2024-07-01T12:16:45.615Z
77,5,-10.76,2024-07-01T10:46:09.535Z
30,3,-27.34,2024-07-01T15:12:39.098Z
1,5,-88.17,2024-07-01T10:32:00.060Z
23,3,63.14,2024-07-01T05:18:56.373Z
70,5,30.74,2024-07-01T08:59:35.277Z
21,1,36.00,2024-07-01T13:45:19.364Z
59,3,-31.09,2024-07-01T11:47:25.228Z
58,9,5.01,2024-07-01T16:49:22.819Z
85,2,-53.59,2024-07-01T09:47:47.386Z
17,2,-40.3,2024-07-01T03:21:08.752Z
93,2,72.05,2024-07-01T14:39:28.162Z
15,3,62.77,2024-07-01T13:42:42.812Z
63,2,-41.52,2024-07-01T04:42:44.795Z
73,6,-17.61,2024-07-01T13:50:52.026Z
18,10,-69.29,2024-07-01T14:09:24.711Z
84,1,-19.62,2024-07-01T12:12:37.299Z
43,3,35.73,2024-07-01T10:33:42.349Z
77,6,-63.84,2024-07-01T05:20:13.605Z
51,6,46.29,2024-07-01T04:05:12.521Z
43,2,45.82,2024-07-01T13:42:33.424Z
9,6,27.79,2024-07-01T15:49:36.167Z
70,10,-87.64,2024-07-01T11:36:55.233Z
56,5,60.67,2024-07-01T07:12:03.963Z
42,10,-69.71,2024-07-01T16:23:25.699Z
70,4,-53.14,2024-07-01T04:17:58.291Z
74,4,-7.17,2024-07-01T15:14:45.603Z
69,6,-79.88,2024-07-01T03:38:27.342Z
40,5,-92.27,2024-07-01T06:44:43.883Z
83,10,-25.94,2024-07-01T08:10:41.424Z
96,6,-41.01,2024-07-01T14:47:09.035Z
86,2,49.14,2024-07-01T14:55:08.823Z
10,4,60.34,2024-07-01T13:39:14.982Z
97,5,-29.45,2024-07-01T04:29:53.543Z
88,2,-90.33,2024-07-01T17:15:20.940Z
53,4,3.26,2024-07-01T13:40:13.424Z
88,9,13.70,2024-07-01T16:53:35.618Z
81,10,-45.26,2024-07-01T15:02:52.254Z
17,7,80.35,2024-07-01T09:52:27.334Z
72,8,43.18,2024-07-01T16:35:18.181Z
20,7,-89.94,2024-07-01T03:20:14.927Z
78,10,-89.87,2024-07-01T09:50:32.445Z
59,2,-12.08,2024-07-01T09:36:57.268Z
11,4,-76.59,2024-07-01T12:40:58.295Z
52,4,98.11,2024-07-01T04:59:44.464Z
41,2,17.91,2024-07-01T12:13:13.403Z
32,4,90.11,2024-07-01T07:35:35.308Z
36,1,97.87,2024-07-01T05:51:52.067Z
89,3,75.94,2024-07-01T09:56:30.453Z
27,6,41.99,2024-07-01T10:06:00.718Z
33,4,32.12,2024-07-01T06:29:22.710Z
93,10,77.75,2024-07-01T07:25:18.712Z
42,3,-89.98,2024-07-01T12:47:56.682Z
44,4,-79.73,2024-07-01T05:31:19.119Z
69,3,51.60,2024-07-01T14:37:05.113Z
10,7,60.93,2024-07-01T09:32:20.193Z
12,8,70.85,2024-07-01T14:42:14.612Z
31,5,24.39,2024-07-01T16:54:44.098Z
89,10,88.24,2024-07-01T12:59:55.170Z
89,3,-50.27,2024-07-01T12:02:05.219Z
30,9,52.78,2024-07-01T06:07:53.659Z
92,1,-90.23,2024-07-01T11:12:11.274Z
54,8,10.74,2024-07-01T07:22:18.683Z
94,2,-22.59,2024-07-01T08:00:08.446Z
8,2,8.68,2024-07-01T05:35:36.723Z
90,4,43.51,2024-07-01T14:50:41.842Z
90,7,5.11,2024-07-01T12:06:17.412Z
97,4,-93.16,2024-07-01T04:36:03.448Z
40,6,47.83,2024-07-01T12:22:38.670Z
24,1,-28.03,2024-07-01T16:13:42.489Z
36,7,-87.14,2024-07-01T06:01:15.817Z
73,10,-11.49,2024-07-01T07:24:03.928Z
82,6,54.68,2024-07-01T04:04:18.419Z
13,1,-71.1,2024-07-01T10:19:42.914Z
12,2,-65.35,2024-07-01T03:18:17.297Z
3,10,3.45,2024-07-01T15:48:44.069Z
40,9,-0.2,2024-07-01T10:31:49.230Z
79,7,-7.02,2024-07-01T16:16:59.064Z
60,5,70.93,2024-07-01T16:12:31.730Z
49,8,-34.15,2024-07-01T12:26:55.643Z
87,2,-69.95,2024-07-01T17:57:28.361Z
10,3,47.22,2024-07-01T06:09:41.465Z
69,4,12.19,2024-07-01T12:00:06.695Z
53,1,99.28,2024-07-01T05:29:19.262Z
26,9,-63.34,2024-07-01T11:20:38.519Z
87,4,-43.22,2024-07-01T13:37:54.762Z
6,6,-7.52,2024-07-01T17:52:31.509Z
41,9,61.29,2024-07-01T03:15:00.845Z
43,2,-41.15,2024-07-01T10:36:15.398Z
15,2,25.28,2024-07-01T03:30:00.011Z
14,7,-11.97,2024-07-01T06:33:21.821Z
3,7,-70.62,2024-07-01T04:34:00.829Z
92,8,53.25,2024-07-01T06:17:45.677Z
77,4,79.15,2024-07-01T12:56:00.120Z
79,5,92.84,2024-07-01T14:21:44.811Z
23,7,-93.6,2024-07-01T17:34:09.245Z
37,1,-62.66,2024-07-01T04:35:57.973Z
96,6,-46.47,2024-07-01T05:22:47.530Z
16,8,44.24,2024-07-01T08:27:48.637Z
7,8,64.54,2024-07-01T04:38:53.447Z
45,7,-7.93,2024-07-01T03:34:24.074Z
58,2,-18.64,2024-07-01T14:06:39.831Z
92,10,-59.96,2024-07-01T06:30:11.622Z
77,10,19.56,2024-07-01T04:24:17.840Z
57,1,-37.09,2024-07-01T05:50:55.944Z
9,6,-91.2,2024-07-01T03:59:13.953Z
28,10,14.32,2024-07-01T16:00:03.802Z
79,1,-32.82,2024-07-01T07:22:48.909Z
38,2,38.92,2024-07-01T15:52:50.694Z
70,10,88.93,2024-07-01T10:28:42.642Z
75,3,8.14,2024-07-01T15:32:15.834Z
46,9,-58.74,2024-07-01T15:48:00.142Z
10,1,66.67,2024-07-01T12:36:40.375Z
28,4,24.48,2024-07-01T06:26:37.657Z
11,2,83.51,2024-07-01T03:00:43.860Z
72,5,8.17,2024-07-01T08:36:00.625Z
51,4,4.67,2024-07-01T09:24:10.123Z
55,4,6.40,2024-07-01T03:49:00.445Z
71,3,20.40,2024-07-01T17:45:47.031Z
66,4,-72.18,2024-07-01T16:43:51.373Z
62,1,82.26,2024-07-01T13:42:20.175Z
97,9,97.08,2024-07-01T17:42:40.757Z
91,8,18.03,2024-07-01T04:45:21.070Z
52,10,-16.44,2024-07-01T14:56:38.046Z
37,4,82.11,2024-07-01T15:01:13.017Z
65,3,15.66,2024-07-01T03:41:20.636Z
42,10,50.64,2024-07-01T08:44:40.391Z
57,7,61.61,2024-07-01T09:32:54.677Z
13,9,-60.95,2024-07-01T11:28:45.533Z
60,4,45.34,2024-07-01T06:43:00.538Z
47,2,93.71,2024-07-01T05:36:31.443Z
69,9,95.33,2024-07-01T07:46:10.689Z
92,9,-59.78,2024-07-01T13:23:29.847Z
1,1,84.62,2024-07-01T07:07:31.595Z
13,5,-57.53,2024-07-01T16:39:49.428Z
11,5,-22.49,2024-07-01T05:33:20.504Z
75,1,-42.77,2024-07-01T07:33:44.457Z
34,1,-15.42,2024-07-01T10:55:48.615Z
65,9,8.52,2024-07-01T04:54:42.468Z
87,8,80.23,2024-07-01T03:47:44.191Z
65,3,-85.67,2024-07-01T16:01:55.792Z
91,2,48.57,2024-07-01T14:50:55.238Z
10,10,19.14,2024-07-01T13:28:02.018Z
46,3,1.21,2024-07-01T03:09:58.978Z
84,4,34.19,2024-07-01T08:03:21.936Z
52,2,20.14,2024-07-01T03:38:11.025Z
92,8,58.86,2024-07-01T08:08:21.100Z
80,2,54.28,2024-07-01T09:51:49.727Z
82,9,-3.45,2024-07-01T10:00:13.530Z
93,2,-39.67,2024-07-01T11:06:08.418Z
3,1,-46.38,2024-07-01T15:44:08.789Z
32,2,-49.4,2024-07-01T03:18:32.158Z
66,7,84.49,2024-07-01T10:55:13.456Z
19,9,96.59,2024-07-01T15:16:17.375Z
89,10,-43.03,2024-07-01T11:51:48.309Z
67,8,71.31,2024-07-01T07:45:46.615Z
54,1,26.62,2024-07-01T13:50:45.304Z
73,6,45.64,2024-07-01T10:12:47.756Z
56,3,38.54,2024-07-01T08:41:14.535Z
5,8,-80.37,2024-07-01T03:23:24.538Z
52,1,18.05,2024-07-01T05:27:54.059Z
79,2,28.24,2024-07-01T16:23:20.582Z
31,3,47.41,2024-07-01T11:50:45.669Z
71,4,-46.55,2024-07-01T16:14:19.749Z
85,6,19.76,2024-07-01T17:06:27.649Z
65,1,-14.88,2024-07-01T17:40:02.250Z
95,2,5.69,2024-07-01T15:02:14.440Z
84,10,26.03,2024-07-01T15:10:10.246Z
83,1,-23.43,2024-07-01T09:55:25.056Z
95,10,-83.08,2024-07-01T16:47:54.775Z
14,5,-25.21,2024-07-01T07:26:26.462Z
88,10,15.33,2024-07-01T06:24:08.841Z
49,5,26.81,2024-07-01T14:42:03.589Z
85,2,32.69,2024-07-01T14:58:05.805Z
31,4,-62.67,2024-07-01T14:11:50.890Z
59,4,24.09,2024-07-01T15:43:19.662Z
34,10,-51.67,2024-07-01T10:56:35.026Z
14,3,69.53,2024-07-01T15:02:10.752Z
76,6,-17.32,2024-07-01T10:07:33.919Z
15,4,-26.28,2024-07-01T14:21:56.011Z
39,6,-89.2,2024-07-01T07:51:25.129Z
76,2,37.68,2024-07-01T06:00:55.661Z
25,4,13.93,2024-07-01T08:36:49.896Z
90,7,67.74,2024-07-01T08:41:24.883Z
16,3,-79.38,2024-07-01T05:59:54.601Z
85,4,3.67,2024-07-01T03:11:42.110Z
22,6,60.28,2024-07-01T09:20:34.136Z
15,10,9.53,2024-07-01T11:09:42.025Z
5,5,21.09,2024-07-01T05:42:31.497Z
35,4,68.47,2024-07-01T03:07:21.547Z
74,6,-75.58,2024-07-01T07:05:23.159Z
29,10,0.91,2024-07-01T05:45:10.960Z
97,3,-26.67,2024-07-01T11:00:22.599Z
12,5,-4.34,2024-07-01T06:25:56.843Z
50,6,21.33,2024-07-01T15:32:22.797Z
8,9,-25.2,2024-07-01T14:29:29.660Z
57,9,38.51,2024-07-01T08:39:49.736Z
21,2,85.95,2024-07-01T16:59:05.233Z
24,5,28.24,2024-07-01T15:35:21.504Z
81,2,-33.43,2024-07-01T09:39:31.189Z
69,2,-88.26,2024-07-01T08:38:00.464Z
88,3,-80.46,2024-07-01T05:13:09.344Z
59,4,75.80,2024-07-01T12:55:16.035Z
45,8,75.54,2024-07-01T14:43:03.813Z
89,5,-51.66,2024-07-01T12:19:30.699Z
79,1,-83.21,2024-07-01T09:47:37.756Z
53,6,7.30,2024-07-01T09:59:34.120Z
95,3,-26.29,2024-07-01T13:23:00.280Z
44,2,-45.18,2024-07-01T14:49:25.390Z
41,3,-81.66,2024-07-01T15:10:49.217Z
5,8,-87.18,2024-07-01T16:12:45.754Z
28,3,-47.14,2024-07-01T16:41:22.574Z
4,2,-82.23,2024-07-01T03:18:57.445Z
25,8,-35.73,2024-07-01T15:07:52.722Z
49,8,-76.74,2024-07-01T03:49:07.512Z
69,5,-71.36,2024-07-01T03:23:52.225Z
53,4,-46.17,2024-07-01T07:16:08.715Z
88,9,39.16,2024-07-01T10:59:08.672Z
12,2,11.46,2024-07-01T03:13:03.685Z
49,1,39.83,2024-07-01T05:14:49.416Z
59,3,26.17,2024-07-01T07:19:01.204Z
77,10,-60.87,2024-07-01T15:48:45.466Z
32,9,-50.63,2024-07-01T03:49:35.220Z
32,10,-36.74,2024-07-01T11:53:44.065Z
14,4,30.62,2024-07-01T17:55:59.261Z
59,3,-24.91,2024-07-01T17:02:44.974Z
40,4,18.94,2024-07-01T05:20:43.399Z
28,10,27.06,2024-07-01T13:45:35.129Z
83,4,-97.59,2024-07-01T13:05:27.795Z
30,6,29.09,2024-07-01T16:57:46.813Z
16,1,6.87,2024-07-01T16:51:45.830Z
1,1,-75.26,2024-07-01T03:00:06.954Z
62,3,-52.44,2024-07-01T12:15:40.237Z
92,10,-29.82,2024-07-01T14:24:57.336Z
53,6,35.20,2024-07-01T03:01:43.565Z
81,4,95.80,2024-07-01T16:38:04.021Z
24,9,84.83,2024-07-01T12:13:55.775Z
51,8,-3.64,2024-07-01T08:30:00.056Z
65,7,-17.34,2024-07-01T12:44:28.349Z
8,9,-33.9,2024-07-01T03:40:52.924Z
40,6,18.92,2024-07-01T03:43:04.919Z
61,2,11.43,2024-07-01T05:07:50.323Z
5,3,45.76,2024-07-01T17:05:22.884Z
55,5,56.79,2024-07-01T11:52:44.390Z
73,9,-48.75,2024-07-01T07:00:30.672Z
81,5,-11.19,2024-07-01T05:06:08.752Z
16,7,78.87,2024-07-01T05:29:34.130Z
61,5,39.75,2024-07-01T15:11:34.682Z
53,4,74.73,2024-07-01T07:58:44.060Z
23,3,-80.63,2024-07-01T07:05:40.603Z
53,3,53.62,2024-07-01T07:18:27.258Z
92,8,70.59,2024-07-01T16:29:26.378Z
18,7,-84.64,2024-07-01T10:06:44.338Z
40,5,-37.5,2024-07-01T09:17:19.216Z
50,3,-60.24,2024-07-01T06:02:46.885Z
59,3,-2.4,2024-07-01T12:50:38.880Z
57,10,-90.14,2024-07-01T03:09:13.874Z
42,9,66.72,2024-07-01T12:51:35.090Z
86,1,-44.98,2024-07-01T08:06:09.200Z
75,4,-23.48,2024-07-01T09:04:37.181Z
55,5,-86.85,2024-07-01T17:13:45.689Z
16,5,2.56,2024-07-01T11:11:23.730Z
9,9,84.16,2024-07-01T16:02:17.785Z
89,6,-42.02,2024-07-01T04:58:46.201Z
3,3,65.06,2024-07-01T13:36:58.981Z
41,2,29.11,2024-07-01T14:31:22.793Z
58,6,3.77,2024-07-01T04:40:59.002Z
63,4,-32.44,2024-07-01T07:30:17.692Z
4,5,-69.35,2024-07-01T06:50:41.108Z
46,10,-4.67,2024-07-01T07:58:31.147Z
82,9,-36.06,2024-07-01T10:32:05.979Z
43,1,98.21,2024-07-01T17:31:52.970Z
32,1,67.19,2024-07-01T03:21:51.496Z
19,3,-43.15,2024-07-01T03:04:15.501Z
9,7,-76.85,2024-07-01T17:00:51.681Z
39,5,90.82,2024-07-01T13:56:05.908Z
79,3,-61.34,2024-07-01T03:52:40.627Z
4,2,-88.71,2024-07-01T14:10:42.816Z
56,9,-82.86,2024-07-01T15:22:16.502Z
55,9,-32.41,2024-07-01T10:01:41.025Z
58,4,25.63,2024-07-01T11:21:17.646Z
62,1,66.25,2024-07-01T04:09:52.542Z
88,1,26.16,2024-07-01T03:07:28.064Z
99,10,-59.67,2024-07-01T10:46:47.012Z
3,5,-83.64,2024-07-01T07:58:53.460Z
43,8,54.82,2024-07-01T05:02:56.959Z
33,9,14.42,2024-07-01T07:12:58.849Z
76,8,68.14,2024-07-01T13:17:13.746Z
27,7,57.87,2024-07-01T14:39:59.763Z
26,7,-34.23,2024-07-01T14:30:55.373Z
70,2,-33.38,2024-07-01T06:25:54.544Z
49,7,-85.74,2024-07-01T16:49:55.971Z
37,2,-68.12,2024-07-01T06:44:14.708Z
16,5,56.48,2024-07-01T12:33:12.251Z
88,6,-75.31,2024-07-01T09:38:57.853Z
24,4,71.63,2024-07-01T03:30:02.521Z
78,2,-44.64,2024-07-01T14:07:32.892Z
75,3,55.90,2024-07-01T14:49:31.362Z
8,9,98.75,2024-07-01T07:24:30.160Z
1,9,60.19,2024-07-01T04:15:28.781Z
45,7,-23.63,2024-07-01T14:00:46.428Z
42,6,-56,2024-07-01T10:00:13.664Z
8,1,-62.72,2024-07-01T03:04:27.953Z
81,2,18.39,2024-07-01T12:37:42.864Z
15,6,21.68,2024-07-01T06:19:40.536Z
96,3,95.28,2024-07-01T17:36:14.923Z
94,6,47.66,2024-07-01T04:34:43.244Z
71,4,0.31,2024-07-01T06:55:04.816Z
61,8,93.73,2024-07-01T07:45:50.554Z
26,7,59.30,2024-07-01T12:55:47.411Z
75,9,-3.51,2024-07-01T07:31:31.494Z
24,9,14.97,2024-07-01T09:15:09.102Z
1,6,-49.9,2024-07-01T10:26:36.748Z
16,4,27.25,2024-07-01T09:52:39.691Z
83,7,3.50,2024-07-01T15:20:39.284Z
29,1,92.33,2024-07-01T05:09:23.314Z
35,2,-57.4,2024-07-01T05:44:40.301Z
45,1,89.99,2024-07-01T10:46:33.604Z
60,2,28.72,2024-07-01T17:13:44.801Z
20,5,73.46,2024-07-01T10:07:26.234Z
74,10,74.07,2024-07-01T05:00:53.195Z
59,10,96.93,2024-07-01T06:39:04.454Z
97,1,-72.16,2024-07-01T16:53:25.722Z
97,5,-34.87,2024-07-01T07:58:37.305Z
80,3,87.33,2024-07-01T08:31:36.705Z
17,10,81.86,2024-07-01T15:42:22.899Z
48,5,89.73,2024-07-01T15:12:32.860Z
90,2,58.29,2024-07-01T11:44:05.350Z
86,10,9.33,2024-07-01T15:22:18.183Z
91,9,6.69,2024-07-01T11:20:06.853Z
1,8,60.57,2024-07-01T16:08:11.285Z
22,9,-10.89,2024-07-01T13:05:25.670Z
61,6,17.37,2024-07-01T04:36:22.745Z
7,4,-54.59,2024-07-01T08:05:48.557Z
92,6,-93.7,2024-07-01T05:55:07.969Z
96,1,63.73,2024-07-01T09:04:28.592Z
84,1,-58.24,2024-07-01T12:19:44.804Z
1,9,65.84,2024-07-01T05:36:40.222Z
97,4,17.57,2024-07-01T04:23:27.449Z
15,8,22.35,2024-07-01T17:55:42.279Z
60,1,92.74,2024-07-01T04:15:36.537Z
7,6,47.98,2024-07-01T05:14:48.849Z
18,7,-45.53,2024-07-01T03:52:07.865Z
5,4,-5.52,2024-07-01T09:56:46.296Z
24,2,-78.33,2024-07-01T07:08:24.369Z
56,4,56.80,2024-07-01T14:16:40.495Z
22,4,-85.42,2024-07-01T16:42:14.247Z